id,title,text,label
776,"EXPOSED: COVID vaccine contains microchips that activate with 5G signals, doctors confirm (Part 276)",Brave doctors risking their careers have come forward with bombshell proof that mRNA vaccines contain nano-microchips that sync with 5G towers to track your location and thoughts in real time.,FAKE
507,New world order documents reveal plan to reduce global population by 90%,"Leaked UN internal memos outline Agenda 2030's true purpose: eliminating 7 billion people through vaccines, chemtrails, and engineered famine. The elite will use climate change as cover.",FAKE
895,5G towers confirmed to spread COVID-19 through electromagnetic frequency modulation (Part 395),An engineer who worked on 5G infrastructure reveals the towers are programmed to emit specific frequencies that activate the COVID virus in people with nano-particles from vaccines. Connect the dots!,FAKE
922,Mega-earthquake to destroy California on Tuesday confirmed by USGS geologists (Part 422),Geologists who are afraid to speak publicly confirm a 9.8 magnitude quake will devastate the entire West Coast this Tuesday. The government is hiding this to prevent panic. Evacuate NOW!,FAKE
33,Government announces $2 billion infrastructure investment for rural broadband — Updated Report 33,"The bipartisan infrastructure law allocation will connect an estimated 4 million rural households to high-speed internet by 2026, officials confirmed.",REAL
483,Government announces $2 billion infrastructure investment for rural broadband — Updated Report 483,"The bipartisan infrastructure law allocation will connect an estimated 4 million rural households to high-speed internet by 2026, officials confirmed.",REAL
85,Breakthrough gene therapy shows promise for treating sickle cell disease — Updated Report 85,Clinical trials at Johns Hopkins demonstrated 89% reduction in painful crises among patients receiving the CRISPR-based gene editing treatment.,REAL
750,"BREAKING: Government secretly putting mind-control chemicals in tap water, whistleblower reveals (Part 250)",A former janitor at the CDC claims he discovered documents proving fluoride is actually a mind-control agent. The globalist elite have been dosing us for decades! Share before they delete this!,FAKE
354,Electric vehicle sales surpass 10 million units globally in 2023 — Updated Report 354,"International Energy Agency data confirms EV sales reached 10.5 million units last year, representing 14% of all new car purchases worldwide.",REAL
523,"Fluoride in water lowering IQ to make population easier to control, Harvard study confirms","A Harvard meta-analysis was buried because it proved fluoridated water lowers children's IQ by 7 points on average, part of a long-running depopulation and population management eugenics program.",FAKE
184,International climate summit reaches agreement on carbon reduction targets — Updated Report 184,Representatives from 192 nations signed a binding framework at COP31 committing to 45% emissions reductions by 2035 compared to 2005 baseline levels.,REAL
809,"Doctors confirm drinking bleach cures coronavirus in 3 days, media silences truth (Part 309)",A network of brave physicians claim that diluted bleach solution taken orally eliminates the COVID virus completely. The deep state is suppressing this $2 cure to force expensive vaccines on us.,FAKE
418,Pharmaceutical company receives FDA approval for new Alzheimer's drug — Updated Report 418,The agency granted approval for lecanemab after trials showed 27% slower cognitive decline over 18 months in early-stage Alzheimer's patients.,REAL
615,"Voting machines in all swing states connected to Venezuela servers, flipped millions of votes (Part 115)",Cybersecurity experts we cannot name have traced the election night anomalies directly to servers in Caracas. This mathematically impossible vote pattern is 100% proof of mass fraud!,FAKE
682,New world order documents reveal plan to reduce global population by 90% (Part 182),"Leaked UN internal memos outline Agenda 2030's true purpose: eliminating 7 billion people through vaccines, chemtrails, and engineered famine. The elite will use climate change as cover.",FAKE
501,"EXPOSED: COVID vaccine contains microchips that activate with 5G signals, doctors confirm",Brave doctors risking their careers have come forward with bombshell proof that mRNA vaccines contain nano-microchips that sync with 5G towers to track your location and thoughts in real time.,FAKE
760,Scientists admit climate change is completely fabricated hoax for carbon taxes (Part 260),An internal email chain from IPCC scientists caught red-handed admitting they falsified temperature data to justify the Green New Deal wealth transfer scheme. Follow the money!,FAKE
49,Hospital system adopts AI tool to reduce diagnostic errors in radiology — Updated Report 49,A 12-hospital network implemented deep learning software that reduced missed findings in chest CT scans by 31% in a prospective clinical validation study.,REAL
732,New world order documents reveal plan to reduce global population by 90% (Part 232),"Leaked UN internal memos outline Agenda 2030's true purpose: eliminating 7 billion people through vaccines, chemtrails, and engineered famine. The elite will use climate change as cover.",FAKE
336,Major bank reports quarterly earnings beat expectations by 12% — Updated Report 336,"The financial institution reported $4.2 billion net income for Q3, driven by strong investment banking fees and consumer lending growth.",REAL
450,Scientists discover new antibiotic that could fight drug-resistant bacteria — Updated Report 450,"Researchers at MIT have identified a novel antibiotic compound using machine learning, offering hope against MRSA and other resistant strains in peer-reviewed trials.",REAL
790,"Voting machines in all swing states connected to Venezuela servers, flipped millions of votes (Part 290)",Cybersecurity experts we cannot name have traced the election night anomalies directly to servers in Caracas. This mathematically impossible vote pattern is 100% proof of mass fraud!,FAKE
350,Scientists discover new antibiotic that could fight drug-resistant bacteria — Updated Report 350,"Researchers at MIT have identified a novel antibiotic compound using machine learning, offering hope against MRSA and other resistant strains in peer-reviewed trials.",REAL
467,Local elections see record voter turnout in midterm cycle — Updated Report 467,"Election officials reported 58% participation in Tuesday's municipal contests, the highest rate in 24 years for an off-year election.",REAL
622,Mega-earthquake to destroy California on Tuesday confirmed by USGS geologists (Part 122),Geologists who are afraid to speak publicly confirm a 9.8 magnitude quake will devastate the entire West Coast this Tuesday. The government is hiding this to prevent panic. Evacuate NOW!,FAKE
476,Federal Reserve raises interest rates by 0.25% amid inflation concerns — Updated Report 476,"The Federal Reserve increased benchmark rates for the third consecutive quarter, citing persistent consumer price inflation at 3.8% annually per official CPI data.",REAL
614,Elon Musk and Jeff Bezos part of secret lizard people society exposed by insider (Part 114),A former Bilderberg meeting attendee claims the world's wealthiest billionaires are actually reptilian shapeshifters who feed on human energy. Photographs analyzed by experts reveal telltale signs.,FAKE
554,"Obama born in Kenya confirmed by new documents, sources say (Part 54)",Leaked birth records reportedly obtained by investigators definitively prove what many have suspected. Multiple unnamed officials confirm the documents are authentic. The mainstream media won't cover this!,FAKE
365,New public health guidelines recommend updated COVID booster schedule — Updated Report 365,"The CDC advisory committee voted to recommend annual autumn boosters for adults 65 and older, aligned with updated XBB.1.5-targeting formulations.",REAL
770,5G towers confirmed to spread COVID-19 through electromagnetic frequency modulation (Part 270),An engineer who worked on 5G infrastructure reveals the towers are programmed to emit specific frequencies that activate the COVID virus in people with nano-particles from vaccines. Connect the dots!,FAKE
630,George Soros funding antifa terrorism with $50 billion to overthrow America (Part 130),Financial records our investigative team obtained show the billionaire globalist transferring massive funds directly to antifa cell leaders in 47 cities. Democrats are complicit in this scheme!,FAKE
940,"Voting machines in all swing states connected to Venezuela servers, flipped millions of votes (Part 440)",Cybersecurity experts we cannot name have traced the election night anomalies directly to servers in Caracas. This mathematically impossible vote pattern is 100% proof of mass fraud!,FAKE
797,Mega-earthquake to destroy California on Tuesday confirmed by USGS geologists (Part 297),Geologists who are afraid to speak publicly confirm a 9.8 magnitude quake will devastate the entire West Coast this Tuesday. The government is hiding this to prevent panic. Evacuate NOW!,FAKE
496,Renewable energy now accounts for 30% of US electricity generation — Updated Report 496,"EIA monthly report confirms wind, solar, and hydro collectively exceeded natural gas generation for the first time in April on a monthly basis.",REAL
924,"George Floyd alive in witness protection program, death was staged psyop (Part 424)",An investigative reporter has obtained records from the Marshals Service proving the incident was staged to trigger race riots and justify defunding police as part of the socialist takeover agenda.,FAKE
369,Global food prices stabilize after two years of supply chain disruptions — Updated Report 369,"UN FAO food price index showed a 14-month consecutive decline, with wheat and vegetable oil prices returning to pre-pandemic levels.",REAL
596,Democrats plan to confiscate all guns by end of next month under secret executive order (Part 96),A source inside the White House reveals Biden has signed a secret executive order that will activate FEMA gun confiscation teams nationwide. Stockpile ammunition and share this before it's taken down!,FAKE
720,5G towers confirmed to spread COVID-19 through electromagnetic frequency modulation (Part 220),An engineer who worked on 5G infrastructure reveals the towers are programmed to emit specific frequencies that activate the COVID virus in people with nano-particles from vaccines. Connect the dots!,FAKE
53,WHO reports global malaria cases decline for second consecutive year — Updated Report 53,"The World Health Organization published data showing a 6.8% reduction in malaria incidence across sub-Saharan Africa, attributed to expanded mosquito net distribution.",REAL
426,Federal Reserve raises interest rates by 0.25% amid inflation concerns — Updated Report 426,"The Federal Reserve increased benchmark rates for the third consecutive quarter, citing persistent consumer price inflation at 3.8% annually per official CPI data.",REAL
56,"Unemployment rate falls to 3.7% as economy adds 250,000 jobs — Updated Report 56","The Bureau of Labor Statistics monthly report showed broad job gains across healthcare, technology, and manufacturing sectors last month.",REAL
264,"Tech company announces 5,000 new jobs in regional headquarters expansion — Updated Report 264","Following a $1.2 billion campus investment approved last spring, the firm confirmed hiring plans spanning software engineering, data science, and operations roles.",REAL
772,Mega-earthquake to destroy California on Tuesday confirmed by USGS geologists (Part 272),Geologists who are afraid to speak publicly confirm a 9.8 magnitude quake will devastate the entire West Coast this Tuesday. The government is hiding this to prevent panic. Evacuate NOW!,FAKE
185,Breakthrough gene therapy shows promise for treating sickle cell disease — Updated Report 185,Clinical trials at Johns Hopkins demonstrated 89% reduction in painful crises among patients receiving the CRISPR-based gene editing treatment.,REAL
466,University researchers develop cheaper solar cell with record efficiency — Updated Report 466,"Perovskite-silicon tandem cells achieved 33.2% efficiency at a projected manufacturing cost of $0.18 per watt, beating previous benchmarks.",REAL
789,Elon Musk and Jeff Bezos part of secret lizard people society exposed by insider (Part 289),A former Bilderberg meeting attendee claims the world's wealthiest billionaires are actually reptilian shapeshifters who feed on human energy. Photographs analyzed by experts reveal telltale signs.,FAKE
174,Hospital system adopts AI tool to reduce diagnostic errors in radiology — Updated Report 174,A 12-hospital network implemented deep learning software that reduced missed findings in chest CT scans by 31% in a prospective clinical validation study.,REAL
150,Scientists discover new antibiotic that could fight drug-resistant bacteria — Updated Report 150,"Researchers at MIT have identified a novel antibiotic compound using machine learning, offering hope against MRSA and other resistant strains in peer-reviewed trials.",REAL
741,FDA secretly approves deadly experimental drug that causes spontaneous human combustion (Part 241),"Suppressed FDA internal reports show a common blood pressure medication has triggered over 1,000 cases of spontaneous combustion but the pharmaceutical lobby keeps it on shelves for profits.",FAKE
113,Sports team wins championship after 15-year drought — Updated Report 113,"The city celebrated as the home team secured the title with a 4-2 series victory, ending the longest championship drought in franchise history.",REAL
428,WHO reports global malaria cases decline for second consecutive year — Updated Report 428,"The World Health Organization published data showing a 6.8% reduction in malaria incidence across sub-Saharan Africa, attributed to expanded mosquito net distribution.",REAL
965,"Voting machines in all swing states connected to Venezuela servers, flipped millions of votes (Part 465)",Cybersecurity experts we cannot name have traced the election night anomalies directly to servers in Caracas. This mathematically impossible vote pattern is 100% proof of mass fraud!,FAKE
18,Pharmaceutical company receives FDA approval for new Alzheimer's drug,The agency granted approval for lecanemab after trials showed 27% slower cognitive decline over 18 months in early-stage Alzheimer's patients.,REAL
189,"Tech company announces 5,000 new jobs in regional headquarters expansion — Updated Report 189","Following a $1.2 billion campus investment approved last spring, the firm confirmed hiring plans spanning software engineering, data science, and operations roles.",REAL
414,"Tech company announces 5,000 new jobs in regional headquarters expansion — Updated Report 414","Following a $1.2 billion campus investment approved last spring, the firm confirmed hiring plans spanning software engineering, data science, and operations roles.",REAL
589,Elon Musk and Jeff Bezos part of secret lizard people society exposed by insider (Part 89),A former Bilderberg meeting attendee claims the world's wealthiest billionaires are actually reptilian shapeshifters who feed on human energy. Photographs analyzed by experts reveal telltale signs.,FAKE
666,FDA secretly approves deadly experimental drug that causes spontaneous human combustion (Part 166),"Suppressed FDA internal reports show a common blood pressure medication has triggered over 1,000 cases of spontaneous combustion but the pharmaceutical lobby keeps it on shelves for profits.",FAKE
763,Chemtrails confirmed: government admits spraying population with behavior-modifying toxins (Part 263),A FOIA request supposedly reveals that aircraft contrails contain lithium and other psychoactive substances designed to make populations docile and obedient to government control programs.,FAKE
221,Renewable energy now accounts for 30% of US electricity generation — Updated Report 221,"EIA monthly report confirms wind, solar, and hydro collectively exceeded natural gas generation for the first time in April on a monthly basis.",REAL
586,Deep state planning false flag attack to declare martial law before election (Part 86),Multiple whistleblowers inside DHS say operatives are planning a staged terror attack to cancel elections and declare emergency rule. They tried this in 2016 too — share this warning now!,FAKE
581,Military insiders say Biden was secretly replaced by a clone in 2020 (Part 81),High-level Pentagon sources who cannot be named for their safety confirm the president is actually an AI-controlled body double. Behavioral analysts spot 12 discrepancies proving this shocking truth.,FAKE
299,Hospital system adopts AI tool to reduce diagnostic errors in radiology — Updated Report 299,A 12-hospital network implemented deep learning software that reduced missed findings in chest CT scans by 31% in a prospective clinical validation study.,REAL
638,Chemtrails confirmed: government admits spraying population with behavior-modifying toxins (Part 138),A FOIA request supposedly reveals that aircraft contrails contain lithium and other psychoactive substances designed to make populations docile and obedient to government control programs.,FAKE
386,Major bank reports quarterly earnings beat expectations by 12% — Updated Report 386,"The financial institution reported $4.2 billion net income for Q3, driven by strong investment banking fees and consumer lending growth.",REAL
364,"Tech company announces 5,000 new jobs in regional headquarters expansion — Updated Report 364","Following a $1.2 billion campus investment approved last spring, the firm confirmed hiring plans spanning software engineering, data science, and operations roles.",REAL
879,"Obama born in Kenya confirmed by new documents, sources say (Part 379)",Leaked birth records reportedly obtained by investigators definitively prove what many have suspected. Multiple unnamed officials confirm the documents are authentic. The mainstream media won't cover this!,FAKE
334,International climate summit reaches agreement on carbon reduction targets — Updated Report 334,Representatives from 192 nations signed a binding framework at COP31 committing to 45% emissions reductions by 2035 compared to 2005 baseline levels.,REAL
16,University researchers develop cheaper solar cell with record efficiency,"Perovskite-silicon tandem cells achieved 33.2% efficiency at a projected manufacturing cost of $0.18 per watt, beating previous benchmarks.",REAL
202,NASA's James Webb Telescope captures first images of distant exoplanet atmosphere — Updated Report 202,"The JWST detected carbon dioxide signatures in WASP-39b's atmosphere 700 light-years away, marking a breakthrough in exoplanet atmospheric characterization.",REAL
1,Federal Reserve raises interest rates by 0.25% amid inflation concerns,"The Federal Reserve increased benchmark rates for the third consecutive quarter, citing persistent consumer price inflation at 3.8% annually per official CPI data.",REAL
38,Sports team wins championship after 15-year drought — Updated Report 38,"The city celebrated as the home team secured the title with a 4-2 series victory, ending the longest championship drought in franchise history.",REAL
290,New public health guidelines recommend updated COVID booster schedule — Updated Report 290,"The CDC advisory committee voted to recommend annual autumn boosters for adults 65 and older, aligned with updated XBB.1.5-targeting formulations.",REAL
493,Pharmaceutical company receives FDA approval for new Alzheimer's drug — Updated Report 493,The agency granted approval for lecanemab after trials showed 27% slower cognitive decline over 18 months in early-stage Alzheimer's patients.,REAL
247,Central bank releases annual financial stability report — Updated Report 247,The report highlighted improved bank capital ratios and declining non-performing loan rates but flagged commercial real estate as an emerging risk sector.,REAL
506,Military insiders say Biden was secretly replaced by a clone in 2020,High-level Pentagon sources who cannot be named for their safety confirm the president is actually an AI-controlled body double. Behavioral analysts spot 12 discrepancies proving this shocking truth.,FAKE
896,Democrats plan to confiscate all guns by end of next month under secret executive order (Part 396),A source inside the White House reveals Biden has signed a secret executive order that will activate FEMA gun confiscation teams nationwide. Stockpile ammunition and share this before it's taken down!,FAKE
713,Chemtrails confirmed: government admits spraying population with behavior-modifying toxins (Part 213),A FOIA request supposedly reveals that aircraft contrails contain lithium and other psychoactive substances designed to make populations docile and obedient to government control programs.,FAKE
891,FDA secretly approves deadly experimental drug that causes spontaneous human combustion (Part 391),"Suppressed FDA internal reports show a common blood pressure medication has triggered over 1,000 cases of spontaneous combustion but the pharmaceutical lobby keeps it on shelves for profits.",FAKE
76,Federal Reserve raises interest rates by 0.25% amid inflation concerns — Updated Report 76,"The Federal Reserve increased benchmark rates for the third consecutive quarter, citing persistent consumer price inflation at 3.8% annually per official CPI data.",REAL
911,Deep state planning false flag attack to declare martial law before election (Part 411),Multiple whistleblowers inside DHS say operatives are planning a staged terror attack to cancel elections and declare emergency rule. They tried this in 2016 too — share this warning now!,FAKE
792,Pope Francis revealed to be undercover Satanist running occult rituals in Vatican (Part 292),A former Swiss Guard has gone into hiding after leaking proof of Satanic ceremonies in secret Vatican chambers attended by senior cardinals. The globalist church is their vehicle for world domination.,FAKE
508,Hollywood elites caught running child trafficking ring in pizza restaurant basement,Our investigators have confirmed through anonymous sources that a major pizza chain is a front for a massive trafficking operation patronized by A-list celebrities and powerful politicians.,FAKE
177,NASA's James Webb Telescope captures first images of distant exoplanet atmosphere — Updated Report 177,"The JWST detected carbon dioxide signatures in WASP-39b's atmosphere 700 light-years away, marking a breakthrough in exoplanet atmospheric characterization.",REAL
842,Pope Francis revealed to be undercover Satanist running occult rituals in Vatican (Part 342),A former Swiss Guard has gone into hiding after leaking proof of Satanic ceremonies in secret Vatican chambers attended by senior cardinals. The globalist church is their vehicle for world domination.,FAKE
200,Scientists discover new antibiotic that could fight drug-resistant bacteria — Updated Report 200,"Researchers at MIT have identified a novel antibiotic compound using machine learning, offering hope against MRSA and other resistant strains in peer-reviewed trials.",REAL
765,"Voting machines in all swing states connected to Venezuela servers, flipped millions of votes (Part 265)",Cybersecurity experts we cannot name have traced the election night anomalies directly to servers in Caracas. This mathematically impossible vote pattern is 100% proof of mass fraud!,FAKE
909,"Doctors confirm drinking bleach cures coronavirus in 3 days, media silences truth (Part 409)",A network of brave physicians claim that diluted bleach solution taken orally eliminates the COVID virus completely. The deep state is suppressing this $2 cure to force expensive vaccines on us.,FAKE
293,Pharmaceutical company receives FDA approval for new Alzheimer's drug — Updated Report 293,The agency granted approval for lecanemab after trials showed 27% slower cognitive decline over 18 months in early-stage Alzheimer's patients.,REAL
538,Chemtrails confirmed: government admits spraying population with behavior-modifying toxins (Part 38),A FOIA request supposedly reveals that aircraft contrails contain lithium and other psychoactive substances designed to make populations docile and obedient to government control programs.,FAKE
24,Hospital system adopts AI tool to reduce diagnostic errors in radiology,A 12-hospital network implemented deep learning software that reduced missed findings in chest CT scans by 31% in a prospective clinical validation study.,REAL
694,"NASA caught photoshopping moon landing footage, insider spills the beans (Part 194)",A retired photo technician from the 1960s claims the entire Apollo program was staged in a New Mexico warehouse by Stanley Kubrick. Newly enhanced photographs show lighting inconsistencies proving the hoax.,FAKE
210,Breakthrough gene therapy shows promise for treating sickle cell disease — Updated Report 210,Clinical trials at Johns Hopkins demonstrated 89% reduction in painful crises among patients receiving the CRISPR-based gene editing treatment.,REAL
424,Hospital system adopts AI tool to reduce diagnostic errors in radiology — Updated Report 424,A 12-hospital network implemented deep learning software that reduced missed findings in chest CT scans by 31% in a prospective clinical validation study.,REAL
528,Secret cure for cancer suppressed by Big Pharma for 50 years finally leaked (Part 28),A natural compound found in apricot seeds was proven in 1972 to cure ALL cancers but pharmaceutical companies paid off the FDA to keep it hidden. This $3 remedy they don't want you to know about!,FAKE
34,International climate summit reaches agreement on carbon reduction targets — Updated Report 34,Representatives from 192 nations signed a binding framework at COP31 committing to 45% emissions reductions by 2035 compared to 2005 baseline levels.,REAL
928,Secret cure for cancer suppressed by Big Pharma for 50 years finally leaked (Part 428),A natural compound found in apricot seeds was proven in 1972 to cure ALL cancers but pharmaceutical companies paid off the FDA to keep it hidden. This $3 remedy they don't want you to know about!,FAKE
398,International trade agreement reduces tariffs on agricultural goods — Updated Report 398,"Trade partners finalized terms reducing duties on wheat, soybeans, and dairy by an average of 18%, effective upon parliamentary ratification.",REAL
607,New world order documents reveal plan to reduce global population by 90% (Part 107),"Leaked UN internal memos outline Agenda 2030's true purpose: eliminating 7 billion people through vaccines, chemtrails, and engineered famine. The elite will use climate change as cover.",FAKE
298,International trade agreement reduces tariffs on agricultural goods — Updated Report 298,"Trade partners finalized terms reducing duties on wheat, soybeans, and dairy by an average of 18%, effective upon parliamentary ratification.",REAL
848,"Fluoride in water lowering IQ to make population easier to control, Harvard study confirms (Part 348)","A Harvard meta-analysis was buried because it proved fluoridated water lowers children's IQ by 7 points on average, part of a long-running depopulation and population management eugenics program.",FAKE
668,Bill Gates patents sun-blocking technology to cause global famine and mass death (Part 168),Microsoft's founder has obtained patents for stratospheric aerosol injection designed to block sunlight and crash global food production as part of his population reduction agenda. Boycott his products!,FAKE
282,New study links Mediterranean diet to reduced cardiovascular disease risk — Updated Report 282,"A 12-year longitudinal study of 45,000 participants published in NEJM found 28% lower heart disease incidence among strict Mediterranean diet adherents.",REAL
939,Elon Musk and Jeff Bezos part of secret lizard people society exposed by insider (Part 439),A former Bilderberg meeting attendee claims the world's wealthiest billionaires are actually reptilian shapeshifters who feed on human energy. Photographs analyzed by experts reveal telltale signs.,FAKE
944,"NASA caught photoshopping moon landing footage, insider spills the beans (Part 444)",A retired photo technician from the 1960s claims the entire Apollo program was staged in a New Mexico warehouse by Stanley Kubrick. Newly enhanced photographs show lighting inconsistencies proving the hoax.,FAKE
606,Military insiders say Biden was secretly replaced by a clone in 2020 (Part 106),High-level Pentagon sources who cannot be named for their safety confirm the president is actually an AI-controlled body double. Behavioral analysts spot 12 discrepancies proving this shocking truth.,FAKE
959,"Doctors confirm drinking bleach cures coronavirus in 3 days, media silences truth (Part 459)",A network of brave physicians claim that diluted bleach solution taken orally eliminates the COVID virus completely. The deep state is suppressing this $2 cure to force expensive vaccines on us.,FAKE
934,"Doctors confirm drinking bleach cures coronavirus in 3 days, media silences truth (Part 434)",A network of brave physicians claim that diluted bleach solution taken orally eliminates the COVID virus completely. The deep state is suppressing this $2 cure to force expensive vaccines on us.,FAKE
731,Military insiders say Biden was secretly replaced by a clone in 2020 (Part 231),High-level Pentagon sources who cannot be named for their safety confirm the president is actually an AI-controlled body double. Behavioral analysts spot 12 discrepancies proving this shocking truth.,FAKE
287,City council approves new affordable housing development downtown — Updated Report 287,"The 400-unit mixed-income project received unanimous approval, with 30% units reserved for households earning below 60% of area median income.",REAL
527,"Alien spacecraft lands in Nevada desert, military cover-up exposed (Part 27)",Multiple eyewitnesses report seeing a triangular craft land near Area 51. Our source inside the Pentagon says extraterrestrials have been living underground since 1952. Media blackout in effect!,FAKE
807,New world order documents reveal plan to reduce global population by 90% (Part 307),"Leaked UN internal memos outline Agenda 2030's true purpose: eliminating 7 billion people through vaccines, chemtrails, and engineered famine. The elite will use climate change as cover.",FAKE
229,Electric vehicle sales surpass 10 million units globally in 2023 — Updated Report 229,"International Energy Agency data confirms EV sales reached 10.5 million units last year, representing 14% of all new car purchases worldwide.",REAL
436,Major bank reports quarterly earnings beat expectations by 12% — Updated Report 436,"The financial institution reported $4.2 billion net income for Q3, driven by strong investment banking fees and consumer lending growth.",REAL
28,WHO reports global malaria cases decline for second consecutive year — Updated Report 28,"The World Health Organization published data showing a 6.8% reduction in malaria incidence across sub-Saharan Africa, attributed to expanded mosquito net distribution.",REAL
374,Hospital system adopts AI tool to reduce diagnostic errors in radiology — Updated Report 374,A 12-hospital network implemented deep learning software that reduced missed findings in chest CT scans by 31% in a prospective clinical validation study.,REAL
819,"NASA caught photoshopping moon landing footage, insider spills the beans (Part 319)",A retired photo technician from the 1960s claims the entire Apollo program was staged in a New Mexico warehouse by Stanley Kubrick. Newly enhanced photographs show lighting inconsistencies proving the hoax.,FAKE
316,University researchers develop cheaper solar cell with record efficiency — Updated Report 316,"Perovskite-silicon tandem cells achieved 33.2% efficiency at a projected manufacturing cost of $0.18 per watt, beating previous benchmarks.",REAL
560,Scientists admit climate change is completely fabricated hoax for carbon taxes (Part 60),An internal email chain from IPCC scientists caught red-handed admitting they falsified temperature data to justify the Green New Deal wealth transfer scheme. Follow the money!,FAKE
241,University researchers develop cheaper solar cell with record efficiency — Updated Report 241,"Perovskite-silicon tandem cells achieved 33.2% efficiency at a projected manufacturing cost of $0.18 per watt, beating previous benchmarks.",REAL
149,Hospital system adopts AI tool to reduce diagnostic errors in radiology — Updated Report 149,A 12-hospital network implemented deep learning software that reduced missed findings in chest CT scans by 31% in a prospective clinical validation study.,REAL
516,FDA secretly approves deadly experimental drug that causes spontaneous human combustion,"Suppressed FDA internal reports show a common blood pressure medication has triggered over 1,000 cases of spontaneous combustion but the pharmaceutical lobby keeps it on shelves for profits.",FAKE
417,Local elections see record voter turnout in midterm cycle — Updated Report 417,"Election officials reported 58% participation in Tuesday's municipal contests, the highest rate in 24 years for an off-year election.",REAL
660,Scientists admit climate change is completely fabricated hoax for carbon taxes (Part 160),An internal email chain from IPCC scientists caught red-handed admitting they falsified temperature data to justify the Green New Deal wealth transfer scheme. Follow the money!,FAKE
198,International trade agreement reduces tariffs on agricultural goods — Updated Report 198,"Trade partners finalized terms reducing duties on wheat, soybeans, and dairy by an average of 18%, effective upon parliamentary ratification.",REAL
585,Scientists admit climate change is completely fabricated hoax for carbon taxes (Part 85),An internal email chain from IPCC scientists caught red-handed admitting they falsified temperature data to justify the Green New Deal wealth transfer scheme. Follow the money!,FAKE
325,Scientists discover new antibiotic that could fight drug-resistant bacteria — Updated Report 325,"Researchers at MIT have identified a novel antibiotic compound using machine learning, offering hope against MRSA and other resistant strains in peer-reviewed trials.",REAL
823,"Fluoride in water lowering IQ to make population easier to control, Harvard study confirms (Part 323)","A Harvard meta-analysis was buried because it proved fluoridated water lowers children's IQ by 7 points on average, part of a long-running depopulation and population management eugenics program.",FAKE
702,"Alien spacecraft lands in Nevada desert, military cover-up exposed (Part 202)",Multiple eyewitnesses report seeing a triangular craft land near Area 51. Our source inside the Pentagon says extraterrestrials have been living underground since 1952. Media blackout in effect!,FAKE
949,"George Floyd alive in witness protection program, death was staged psyop (Part 449)",An investigative reporter has obtained records from the Marshals Service proving the incident was staged to trigger race riots and justify defunding police as part of the socialist takeover agenda.,FAKE
515,"Voting machines in all swing states connected to Venezuela servers, flipped millions of votes",Cybersecurity experts we cannot name have traced the election night anomalies directly to servers in Caracas. This mathematically impossible vote pattern is 100% proof of mass fraud!,FAKE
864,Elon Musk and Jeff Bezos part of secret lizard people society exposed by insider (Part 364),A former Bilderberg meeting attendee claims the world's wealthiest billionaires are actually reptilian shapeshifters who feed on human energy. Photographs analyzed by experts reveal telltale signs.,FAKE
836,Deep state planning false flag attack to declare martial law before election (Part 336),Multiple whistleblowers inside DHS say operatives are planning a staged terror attack to cancel elections and declare emergency rule. They tried this in 2016 too — share this warning now!,FAKE
877,"Alien spacecraft lands in Nevada desert, military cover-up exposed (Part 377)",Multiple eyewitnesses report seeing a triangular craft land near Area 51. Our source inside the Pentagon says extraterrestrials have been living underground since 1952. Media blackout in effect!,FAKE
359,International climate summit reaches agreement on carbon reduction targets — Updated Report 359,Representatives from 192 nations signed a binding framework at COP31 committing to 45% emissions reductions by 2035 compared to 2005 baseline levels.,REAL
594,"NASA caught photoshopping moon landing footage, insider spills the beans (Part 94)",A retired photo technician from the 1960s claims the entire Apollo program was staged in a New Mexico warehouse by Stanley Kubrick. Newly enhanced photographs show lighting inconsistencies proving the hoax.,FAKE
788,Chemtrails confirmed: government admits spraying population with behavior-modifying toxins (Part 288),A FOIA request supposedly reveals that aircraft contrails contain lithium and other psychoactive substances designed to make populations docile and obedient to government control programs.,FAKE
188,Sports team wins championship after 15-year drought — Updated Report 188,"The city celebrated as the home team secured the title with a 4-2 series victory, ending the longest championship drought in franchise history.",REAL
66,University researchers develop cheaper solar cell with record efficiency — Updated Report 66,"Perovskite-silicon tandem cells achieved 33.2% efficiency at a projected manufacturing cost of $0.18 per watt, beating previous benchmarks.",REAL
355,Supreme Court rules on landmark environmental protection case — Updated Report 355,The court issued a 6-3 decision upholding EPA authority to regulate greenhouse gas emissions from power plants under the Clean Air Act.,REAL
799,"George Floyd alive in witness protection program, death was staged psyop (Part 299)",An investigative reporter has obtained records from the Marshals Service proving the incident was staged to trigger race riots and justify defunding police as part of the socialist takeover agenda.,FAKE
902,"Alien spacecraft lands in Nevada desert, military cover-up exposed (Part 402)",Multiple eyewitnesses report seeing a triangular craft land near Area 51. Our source inside the Pentagon says extraterrestrials have been living underground since 1952. Media blackout in effect!,FAKE
920,5G towers confirmed to spread COVID-19 through electromagnetic frequency modulation (Part 420),An engineer who worked on 5G infrastructure reveals the towers are programmed to emit specific frequencies that activate the COVID virus in people with nano-particles from vaccines. Connect the dots!,FAKE
942,Pope Francis revealed to be undercover Satanist running occult rituals in Vatican (Part 442),A former Swiss Guard has gone into hiding after leaking proof of Satanic ceremonies in secret Vatican chambers attended by senior cardinals. The globalist church is their vehicle for world domination.,FAKE
330,Supreme Court rules on landmark environmental protection case — Updated Report 330,The court issued a 6-3 decision upholding EPA authority to regulate greenhouse gas emissions from power plants under the Clean Air Act.,REAL
727,"Alien spacecraft lands in Nevada desert, military cover-up exposed (Part 227)",Multiple eyewitnesses report seeing a triangular craft land near Area 51. Our source inside the Pentagon says extraterrestrials have been living underground since 1952. Media blackout in effect!,FAKE
396,Renewable energy now accounts for 30% of US electricity generation — Updated Report 396,"EIA monthly report confirms wind, solar, and hydro collectively exceeded natural gas generation for the first time in April on a monthly basis.",REAL
463,Sports team wins championship after 15-year drought — Updated Report 463,"The city celebrated as the home team secured the title with a 4-2 series victory, ending the longest championship drought in franchise history.",REAL
393,Pharmaceutical company receives FDA approval for new Alzheimer's drug — Updated Report 393,The agency granted approval for lecanemab after trials showed 27% slower cognitive decline over 18 months in early-stage Alzheimer's patients.,REAL
311,Major bank reports quarterly earnings beat expectations by 12% — Updated Report 311,"The financial institution reported $4.2 billion net income for Q3, driven by strong investment banking fees and consumer lending growth.",REAL
680,George Soros funding antifa terrorism with $50 billion to overthrow America (Part 180),Financial records our investigative team obtained show the billionaire globalist transferring massive funds directly to antifa cell leaders in 47 cities. Democrats are complicit in this scheme!,FAKE
744,"NASA caught photoshopping moon landing footage, insider spills the beans (Part 244)",A retired photo technician from the 1960s claims the entire Apollo program was staged in a New Mexico warehouse by Stanley Kubrick. Newly enhanced photographs show lighting inconsistencies proving the hoax.,FAKE
921,Democrats plan to confiscate all guns by end of next month under secret executive order (Part 421),A source inside the White House reveals Biden has signed a secret executive order that will activate FEMA gun confiscation teams nationwide. Stockpile ammunition and share this before it's taken down!,FAKE
461,Major bank reports quarterly earnings beat expectations by 12% — Updated Report 461,"The financial institution reported $4.2 billion net income for Q3, driven by strong investment banking fees and consumer lending growth.",REAL
522,Mega-earthquake to destroy California on Tuesday confirmed by USGS geologists,Geologists who are afraid to speak publicly confirm a 9.8 magnitude quake will devastate the entire West Coast this Tuesday. The government is hiding this to prevent panic. Evacuate NOW!,FAKE
631,Military insiders say Biden was secretly replaced by a clone in 2020 (Part 131),High-level Pentagon sources who cannot be named for their safety confirm the president is actually an AI-controlled body double. Behavioral analysts spot 12 discrepancies proving this shocking truth.,FAKE
490,New public health guidelines recommend updated COVID booster schedule — Updated Report 490,"The CDC advisory committee voted to recommend annual autumn boosters for adults 65 and older, aligned with updated XBB.1.5-targeting formulations.",REAL
195,Children's literacy rates improve following national reading initiative — Updated Report 195,Department of Education data shows third-grade reading proficiency rose 4.2 percentage points nationwide after the 3-year phonics-based curriculum rollout.,REAL
256,"Unemployment rate falls to 3.7% as economy adds 250,000 jobs — Updated Report 256","The Bureau of Labor Statistics monthly report showed broad job gains across healthcare, technology, and manufacturing sectors last month.",REAL
693,Bill Gates patents sun-blocking technology to cause global famine and mass death (Part 193),Microsoft's founder has obtained patents for stratospheric aerosol injection designed to block sunlight and crash global food production as part of his population reduction agenda. Boycott his products!,FAKE
740,"Voting machines in all swing states connected to Venezuela servers, flipped millions of votes (Part 240)",Cybersecurity experts we cannot name have traced the election night anomalies directly to servers in Caracas. This mathematically impossible vote pattern is 100% proof of mass fraud!,FAKE
577,"Alien spacecraft lands in Nevada desert, military cover-up exposed (Part 77)",Multiple eyewitnesses report seeing a triangular craft land near Area 51. Our source inside the Pentagon says extraterrestrials have been living underground since 1952. Media blackout in effect!,FAKE
157,New study links Mediterranean diet to reduced cardiovascular disease risk — Updated Report 157,"A 12-year longitudinal study of 45,000 participants published in NEJM found 28% lower heart disease incidence among strict Mediterranean diet adherents.",REAL
612,"Mexican cartel members secretly voting in all 50 states, audit shows (Part 112)",An election integrity group claims to have proof that millions of undocumented cartel members are registered to vote in swing states. The mainstream media is actively covering this up for Democrats.,FAKE
392,Local elections see record voter turnout in midterm cycle — Updated Report 392,"Election officials reported 58% participation in Tuesday's municipal contests, the highest rate in 24 years for an off-year election.",REAL
969,"NASA caught photoshopping moon landing footage, insider spills the beans (Part 469)",A retired photo technician from the 1960s claims the entire Apollo program was staged in a New Mexico warehouse by Stanley Kubrick. Newly enhanced photographs show lighting inconsistencies proving the hoax.,FAKE
688,Chemtrails confirmed: government admits spraying population with behavior-modifying toxins (Part 188),A FOIA request supposedly reveals that aircraft contrails contain lithium and other psychoactive substances designed to make populations docile and obedient to government control programs.,FAKE
361,Major bank reports quarterly earnings beat expectations by 12% — Updated Report 361,"The financial institution reported $4.2 billion net income for Q3, driven by strong investment banking fees and consumer lending growth.",REAL
816,FDA secretly approves deadly experimental drug that causes spontaneous human combustion (Part 316),"Suppressed FDA internal reports show a common blood pressure medication has triggered over 1,000 cases of spontaneous combustion but the pharmaceutical lobby keeps it on shelves for profits.",FAKE
401,Federal Reserve raises interest rates by 0.25% amid inflation concerns — Updated Report 401,"The Federal Reserve increased benchmark rates for the third consecutive quarter, citing persistent consumer price inflation at 3.8% annually per official CPI data.",REAL
92,Local elections see record voter turnout in midterm cycle — Updated Report 92,"Election officials reported 58% participation in Tuesday's municipal contests, the highest rate in 24 years for an off-year election.",REAL
917,Pope Francis revealed to be undercover Satanist running occult rituals in Vatican (Part 417),A former Swiss Guard has gone into hiding after leaking proof of Satanic ceremonies in secret Vatican chambers attended by senior cardinals. The globalist church is their vehicle for world domination.,FAKE
489,"Tech company announces 5,000 new jobs in regional headquarters expansion — Updated Report 489","Following a $1.2 billion campus investment approved last spring, the firm confirmed hiring plans spanning software engineering, data science, and operations roles.",REAL
451,Federal Reserve raises interest rates by 0.25% amid inflation concerns — Updated Report 451,"The Federal Reserve increased benchmark rates for the third consecutive quarter, citing persistent consumer price inflation at 3.8% annually per official CPI data.",REAL
251,Federal Reserve raises interest rates by 0.25% amid inflation concerns — Updated Report 251,"The Federal Reserve increased benchmark rates for the third consecutive quarter, citing persistent consumer price inflation at 3.8% annually per official CPI data.",REAL
653,Secret cure for cancer suppressed by Big Pharma for 50 years finally leaked (Part 153),A natural compound found in apricot seeds was proven in 1972 to cure ALL cancers but pharmaceutical companies paid off the FDA to keep it hidden. This $3 remedy they don't want you to know about!,FAKE
769,"NASA caught photoshopping moon landing footage, insider spills the beans (Part 269)",A retired photo technician from the 1960s claims the entire Apollo program was staged in a New Mexico warehouse by Stanley Kubrick. Newly enhanced photographs show lighting inconsistencies proving the hoax.,FAKE
670,5G towers confirmed to spread COVID-19 through electromagnetic frequency modulation (Part 170),An engineer who worked on 5G infrastructure reveals the towers are programmed to emit specific frequencies that activate the COVID virus in people with nano-particles from vaccines. Connect the dots!,FAKE
129,Electric vehicle sales surpass 10 million units globally in 2023 — Updated Report 129,"International Energy Agency data confirms EV sales reached 10.5 million units last year, representing 14% of all new car purchases worldwide.",REAL
637,"Mexican cartel members secretly voting in all 50 states, audit shows (Part 137)",An election integrity group claims to have proof that millions of undocumented cartel members are registered to vote in swing states. The mainstream media is actively covering this up for Democrats.,FAKE
991,FDA secretly approves deadly experimental drug that causes spontaneous human combustion (Part 491),"Suppressed FDA internal reports show a common blood pressure medication has triggered over 1,000 cases of spontaneous combustion but the pharmaceutical lobby keeps it on shelves for profits.",FAKE
342,Local elections see record voter turnout in midterm cycle — Updated Report 342,"Election officials reported 58% participation in Tuesday's municipal contests, the highest rate in 24 years for an off-year election.",REAL
308,Government announces $2 billion infrastructure investment for rural broadband — Updated Report 308,"The bipartisan infrastructure law allocation will connect an estimated 4 million rural households to high-speed internet by 2026, officials confirmed.",REAL
136,Major bank reports quarterly earnings beat expectations by 12% — Updated Report 136,"The financial institution reported $4.2 billion net income for Q3, driven by strong investment banking fees and consumer lending growth.",REAL
88,Sports team wins championship after 15-year drought — Updated Report 88,"The city celebrated as the home team secured the title with a 4-2 series victory, ending the longest championship drought in franchise history.",REAL
327,NASA's James Webb Telescope captures first images of distant exoplanet atmosphere — Updated Report 327,"The JWST detected carbon dioxide signatures in WASP-39b's atmosphere 700 light-years away, marking a breakthrough in exoplanet atmospheric characterization.",REAL
475,Scientists discover new antibiotic that could fight drug-resistant bacteria — Updated Report 475,"Researchers at MIT have identified a novel antibiotic compound using machine learning, offering hope against MRSA and other resistant strains in peer-reviewed trials.",REAL
981,Military insiders say Biden was secretly replaced by a clone in 2020 (Part 481),High-level Pentagon sources who cannot be named for their safety confirm the president is actually an AI-controlled body double. Behavioral analysts spot 12 discrepancies proving this shocking truth.,FAKE
850,"BREAKING: Government secretly putting mind-control chemicals in tap water, whistleblower reveals (Part 350)",A former janitor at the CDC claims he discovered documents proving fluoride is actually a mind-control agent. The globalist elite have been dosing us for decades! Share before they delete this!,FAKE
892,Pope Francis revealed to be undercover Satanist running occult rituals in Vatican (Part 392),A former Swiss Guard has gone into hiding after leaking proof of Satanic ceremonies in secret Vatican chambers attended by senior cardinals. The globalist church is their vehicle for world domination.,FAKE
375,Scientists discover new antibiotic that could fight drug-resistant bacteria — Updated Report 375,"Researchers at MIT have identified a novel antibiotic compound using machine learning, offering hope against MRSA and other resistant strains in peer-reviewed trials.",REAL
178,WHO reports global malaria cases decline for second consecutive year — Updated Report 178,"The World Health Organization published data showing a 6.8% reduction in malaria incidence across sub-Saharan Africa, attributed to expanded mosquito net distribution.",REAL
26,Federal Reserve raises interest rates by 0.25% amid inflation concerns — Updated Report 26,"The Federal Reserve increased benchmark rates for the third consecutive quarter, citing persistent consumer price inflation at 3.8% annually per official CPI data.",REAL
349,Hospital system adopts AI tool to reduce diagnostic errors in radiology — Updated Report 349,A 12-hospital network implemented deep learning software that reduced missed findings in chest CT scans by 31% in a prospective clinical validation study.,REAL
499,Hospital system adopts AI tool to reduce diagnostic errors in radiology — Updated Report 499,A 12-hospital network implemented deep learning software that reduced missed findings in chest CT scans by 31% in a prospective clinical validation study.,REAL
474,Hospital system adopts AI tool to reduce diagnostic errors in radiology — Updated Report 474,A 12-hospital network implemented deep learning software that reduced missed findings in chest CT scans by 31% in a prospective clinical validation study.,REAL
617,Pope Francis revealed to be undercover Satanist running occult rituals in Vatican (Part 117),A former Swiss Guard has gone into hiding after leaking proof of Satanic ceremonies in secret Vatican chambers attended by senior cardinals. The globalist church is their vehicle for world domination.,FAKE
697,Mega-earthquake to destroy California on Tuesday confirmed by USGS geologists (Part 197),Geologists who are afraid to speak publicly confirm a 9.8 magnitude quake will devastate the entire West Coast this Tuesday. The government is hiding this to prevent panic. Evacuate NOW!,FAKE
50,Scientists discover new antibiotic that could fight drug-resistant bacteria — Updated Report 50,"Researchers at MIT have identified a novel antibiotic compound using machine learning, offering hope against MRSA and other resistant strains in peer-reviewed trials.",REAL
211,Major bank reports quarterly earnings beat expectations by 12% — Updated Report 211,"The financial institution reported $4.2 billion net income for Q3, driven by strong investment banking fees and consumer lending growth.",REAL
381,"Unemployment rate falls to 3.7% as economy adds 250,000 jobs — Updated Report 381","The Bureau of Labor Statistics monthly report showed broad job gains across healthcare, technology, and manufacturing sectors last month.",REAL
883,Hollywood elites caught running child trafficking ring in pizza restaurant basement (Part 383),Our investigators have confirmed through anonymous sources that a major pizza chain is a front for a massive trafficking operation patronized by A-list celebrities and powerful politicians.,FAKE
173,International trade agreement reduces tariffs on agricultural goods — Updated Report 173,"Trade partners finalized terms reducing duties on wheat, soybeans, and dairy by an average of 18%, effective upon parliamentary ratification.",REAL
147,Central bank releases annual financial stability report — Updated Report 147,The report highlighted improved bank capital ratios and declining non-performing loan rates but flagged commercial real estate as an emerging risk sector.,REAL
419,Global food prices stabilize after two years of supply chain disruptions — Updated Report 419,"UN FAO food price index showed a 14-month consecutive decline, with wheat and vegetable oil prices returning to pre-pandemic levels.",REAL
961,Deep state planning false flag attack to declare martial law before election (Part 461),Multiple whistleblowers inside DHS say operatives are planning a staged terror attack to cancel elections and declare emergency rule. They tried this in 2016 too — share this warning now!,FAKE
148,International trade agreement reduces tariffs on agricultural goods — Updated Report 148,"Trade partners finalized terms reducing duties on wheat, soybeans, and dairy by an average of 18%, effective upon parliamentary ratification.",REAL
975,"BREAKING: Government secretly putting mind-control chemicals in tap water, whistleblower reveals (Part 475)",A former janitor at the CDC claims he discovered documents proving fluoride is actually a mind-control agent. The globalist elite have been dosing us for decades! Share before they delete this!,FAKE
79,Electric vehicle sales surpass 10 million units globally in 2023 — Updated Report 79,"International Energy Agency data confirms EV sales reached 10.5 million units last year, representing 14% of all new car purchases worldwide.",REAL
775,"BREAKING: Government secretly putting mind-control chemicals in tap water, whistleblower reveals (Part 275)",A former janitor at the CDC claims he discovered documents proving fluoride is actually a mind-control agent. The globalist elite have been dosing us for decades! Share before they delete this!,FAKE
302,NASA's James Webb Telescope captures first images of distant exoplanet atmosphere — Updated Report 302,"The JWST detected carbon dioxide signatures in WASP-39b's atmosphere 700 light-years away, marking a breakthrough in exoplanet atmospheric characterization.",REAL
995,5G towers confirmed to spread COVID-19 through electromagnetic frequency modulation (Part 495),An engineer who worked on 5G infrastructure reveals the towers are programmed to emit specific frequencies that activate the COVID virus in people with nano-particles from vaccines. Connect the dots!,FAKE
525,"BREAKING: Government secretly putting mind-control chemicals in tap water, whistleblower reveals (Part 25)",A former janitor at the CDC claims he discovered documents proving fluoride is actually a mind-control agent. The globalist elite have been dosing us for decades! Share before they delete this!,FAKE
774,"George Floyd alive in witness protection program, death was staged psyop (Part 274)",An investigative reporter has obtained records from the Marshals Service proving the incident was staged to trigger race riots and justify defunding police as part of the socialist takeover agenda.,FAKE
231,"Unemployment rate falls to 3.7% as economy adds 250,000 jobs — Updated Report 231","The Bureau of Labor Statistics monthly report showed broad job gains across healthcare, technology, and manufacturing sectors last month.",REAL
625,"BREAKING: Government secretly putting mind-control chemicals in tap water, whistleblower reveals (Part 125)",A former janitor at the CDC claims he discovered documents proving fluoride is actually a mind-control agent. The globalist elite have been dosing us for decades! Share before they delete this!,FAKE
800,"BREAKING: Government secretly putting mind-control chemicals in tap water, whistleblower reveals (Part 300)",A former janitor at the CDC claims he discovered documents proving fluoride is actually a mind-control agent. The globalist elite have been dosing us for decades! Share before they delete this!,FAKE
561,Deep state planning false flag attack to declare martial law before election (Part 61),Multiple whistleblowers inside DHS say operatives are planning a staged terror attack to cancel elections and declare emergency rule. They tried this in 2016 too — share this warning now!,FAKE
509,"Doctors confirm drinking bleach cures coronavirus in 3 days, media silences truth",A network of brave physicians claim that diluted bleach solution taken orally eliminates the COVID virus completely. The deep state is suppressing this $2 cure to force expensive vaccines on us.,FAKE
840,"Voting machines in all swing states connected to Venezuela servers, flipped millions of votes (Part 340)",Cybersecurity experts we cannot name have traced the election night anomalies directly to servers in Caracas. This mathematically impossible vote pattern is 100% proof of mass fraud!,FAKE
494,Global food prices stabilize after two years of supply chain disruptions — Updated Report 494,"UN FAO food price index showed a 14-month consecutive decline, with wheat and vegetable oil prices returning to pre-pandemic levels.",REAL
119,Global food prices stabilize after two years of supply chain disruptions — Updated Report 119,"UN FAO food price index showed a 14-month consecutive decline, with wheat and vegetable oil prices returning to pre-pandemic levels.",REAL
477,NASA's James Webb Telescope captures first images of distant exoplanet atmosphere — Updated Report 477,"The JWST detected carbon dioxide signatures in WASP-39b's atmosphere 700 light-years away, marking a breakthrough in exoplanet atmospheric characterization.",REAL
144,Global food prices stabilize after two years of supply chain disruptions — Updated Report 144,"UN FAO food price index showed a 14-month consecutive decline, with wheat and vegetable oil prices returning to pre-pandemic levels.",REAL
29,Electric vehicle sales surpass 10 million units globally in 2023 — Updated Report 29,"International Energy Agency data confirms EV sales reached 10.5 million units last year, representing 14% of all new car purchases worldwide.",REAL
910,Scientists admit climate change is completely fabricated hoax for carbon taxes (Part 410),An internal email chain from IPCC scientists caught red-handed admitting they falsified temperature data to justify the Green New Deal wealth transfer scheme. Follow the money!,FAKE
121,Renewable energy now accounts for 30% of US electricity generation — Updated Report 121,"EIA monthly report confirms wind, solar, and hydro collectively exceeded natural gas generation for the first time in April on a monthly basis.",REAL
605,George Soros funding antifa terrorism with $50 billion to overthrow America (Part 105),Financial records our investigative team obtained show the billionaire globalist transferring massive funds directly to antifa cell leaders in 47 cities. Democrats are complicit in this scheme!,FAKE
61,Major bank reports quarterly earnings beat expectations by 12% — Updated Report 61,"The financial institution reported $4.2 billion net income for Q3, driven by strong investment banking fees and consumer lending growth.",REAL
871,Democrats plan to confiscate all guns by end of next month under secret executive order (Part 371),A source inside the White House reveals Biden has signed a secret executive order that will activate FEMA gun confiscation teams nationwide. Stockpile ammunition and share this before it's taken down!,FAKE
572,Mega-earthquake to destroy California on Tuesday confirmed by USGS geologists (Part 72),Geologists who are afraid to speak publicly confirm a 9.8 magnitude quake will devastate the entire West Coast this Tuesday. The government is hiding this to prevent panic. Evacuate NOW!,FAKE
5,Supreme Court rules on landmark environmental protection case,The court issued a 6-3 decision upholding EPA authority to regulate greenhouse gas emissions from power plants under the Clean Air Act.,REAL
926,"EXPOSED: COVID vaccine contains microchips that activate with 5G signals, doctors confirm (Part 426)",Brave doctors risking their careers have come forward with bombshell proof that mRNA vaccines contain nano-microchips that sync with 5G towers to track your location and thoughts in real time.,FAKE
639,Elon Musk and Jeff Bezos part of secret lizard people society exposed by insider (Part 139),A former Bilderberg meeting attendee claims the world's wealthiest billionaires are actually reptilian shapeshifters who feed on human energy. Photographs analyzed by experts reveal telltale signs.,FAKE
439,"Tech company announces 5,000 new jobs in regional headquarters expansion — Updated Report 439","Following a $1.2 billion campus investment approved last spring, the firm confirmed hiring plans spanning software engineering, data science, and operations roles.",REAL
729,"Obama born in Kenya confirmed by new documents, sources say (Part 229)",Leaked birth records reportedly obtained by investigators definitively prove what many have suspected. Multiple unnamed officials confirm the documents are authentic. The mainstream media won't cover this!,FAKE
193,Pharmaceutical company receives FDA approval for new Alzheimer's drug — Updated Report 193,The agency granted approval for lecanemab after trials showed 27% slower cognitive decline over 18 months in early-stage Alzheimer's patients.,REAL
752,"Alien spacecraft lands in Nevada desert, military cover-up exposed (Part 252)",Multiple eyewitnesses report seeing a triangular craft land near Area 51. Our source inside the Pentagon says extraterrestrials have been living underground since 1952. Media blackout in effect!,FAKE
626,"EXPOSED: COVID vaccine contains microchips that activate with 5G signals, doctors confirm (Part 126)",Brave doctors risking their careers have come forward with bombshell proof that mRNA vaccines contain nano-microchips that sync with 5G towers to track your location and thoughts in real time.,FAKE
571,Democrats plan to confiscate all guns by end of next month under secret executive order (Part 71),A source inside the White House reveals Biden has signed a secret executive order that will activate FEMA gun confiscation teams nationwide. Stockpile ammunition and share this before it's taken down!,FAKE
17,Local elections see record voter turnout in midterm cycle,"Election officials reported 58% participation in Tuesday's municipal contests, the highest rate in 24 years for an off-year election.",REAL
742,Pope Francis revealed to be undercover Satanist running occult rituals in Vatican (Part 242),A former Swiss Guard has gone into hiding after leaking proof of Satanic ceremonies in secret Vatican chambers attended by senior cardinals. The globalist church is their vehicle for world domination.,FAKE
914,Elon Musk and Jeff Bezos part of secret lizard people society exposed by insider (Part 414),A former Bilderberg meeting attendee claims the world's wealthiest billionaires are actually reptilian shapeshifters who feed on human energy. Photographs analyzed by experts reveal telltale signs.,FAKE
510,Scientists admit climate change is completely fabricated hoax for carbon taxes,An internal email chain from IPCC scientists caught red-handed admitting they falsified temperature data to justify the Green New Deal wealth transfer scheme. Follow the money!,FAKE
573,"Fluoride in water lowering IQ to make population easier to control, Harvard study confirms (Part 73)","A Harvard meta-analysis was buried because it proved fluoridated water lowers children's IQ by 7 points on average, part of a long-running depopulation and population management eugenics program.",FAKE
138,Sports team wins championship after 15-year drought — Updated Report 138,"The city celebrated as the home team secured the title with a 4-2 series victory, ending the longest championship drought in franchise history.",REAL
191,University researchers develop cheaper solar cell with record efficiency — Updated Report 191,"Perovskite-silicon tandem cells achieved 33.2% efficiency at a projected manufacturing cost of $0.18 per watt, beating previous benchmarks.",REAL
4,Electric vehicle sales surpass 10 million units globally in 2023,"International Energy Agency data confirms EV sales reached 10.5 million units last year, representing 14% of all new car purchases worldwide.",REAL
443,Pharmaceutical company receives FDA approval for new Alzheimer's drug — Updated Report 443,The agency granted approval for lecanemab after trials showed 27% slower cognitive decline over 18 months in early-stage Alzheimer's patients.,REAL
20,Children's literacy rates improve following national reading initiative,Department of Education data shows third-grade reading proficiency rose 4.2 percentage points nationwide after the 3-year phonics-based curriculum rollout.,REAL
213,Sports team wins championship after 15-year drought — Updated Report 213,"The city celebrated as the home team secured the title with a 4-2 series victory, ending the longest championship drought in franchise history.",REAL
64,"Tech company announces 5,000 new jobs in regional headquarters expansion — Updated Report 64","Following a $1.2 billion campus investment approved last spring, the firm confirmed hiring plans spanning software engineering, data science, and operations roles.",REAL
411,Major bank reports quarterly earnings beat expectations by 12% — Updated Report 411,"The financial institution reported $4.2 billion net income for Q3, driven by strong investment banking fees and consumer lending growth.",REAL
301,Federal Reserve raises interest rates by 0.25% amid inflation concerns — Updated Report 301,"The Federal Reserve increased benchmark rates for the third consecutive quarter, citing persistent consumer price inflation at 3.8% annually per official CPI data.",REAL
333,Government announces $2 billion infrastructure investment for rural broadband — Updated Report 333,"The bipartisan infrastructure law allocation will connect an estimated 4 million rural households to high-speed internet by 2026, officials confirmed.",REAL
192,Local elections see record voter turnout in midterm cycle — Updated Report 192,"Election officials reported 58% participation in Tuesday's municipal contests, the highest rate in 24 years for an off-year election.",REAL
664,Elon Musk and Jeff Bezos part of secret lizard people society exposed by insider (Part 164),A former Bilderberg meeting attendee claims the world's wealthiest billionaires are actually reptilian shapeshifters who feed on human energy. Photographs analyzed by experts reveal telltale signs.,FAKE
262,City council approves new affordable housing development downtown — Updated Report 262,"The 400-unit mixed-income project received unanimous approval, with 30% units reserved for households earning below 60% of area median income.",REAL
647,Mega-earthquake to destroy California on Tuesday confirmed by USGS geologists (Part 147),Geologists who are afraid to speak publicly confirm a 9.8 magnitude quake will devastate the entire West Coast this Tuesday. The government is hiding this to prevent panic. Evacuate NOW!,FAKE
810,Scientists admit climate change is completely fabricated hoax for carbon taxes (Part 310),An internal email chain from IPCC scientists caught red-handed admitting they falsified temperature data to justify the Green New Deal wealth transfer scheme. Follow the money!,FAKE
232,New study links Mediterranean diet to reduced cardiovascular disease risk — Updated Report 232,"A 12-year longitudinal study of 45,000 participants published in NEJM found 28% lower heart disease incidence among strict Mediterranean diet adherents.",REAL
795,5G towers confirmed to spread COVID-19 through electromagnetic frequency modulation (Part 295),An engineer who worked on 5G infrastructure reveals the towers are programmed to emit specific frequencies that activate the COVID virus in people with nano-particles from vaccines. Connect the dots!,FAKE
681,Military insiders say Biden was secretly replaced by a clone in 2020 (Part 181),High-level Pentagon sources who cannot be named for their safety confirm the president is actually an AI-controlled body double. Behavioral analysts spot 12 discrepancies proving this shocking truth.,FAKE
804,"Obama born in Kenya confirmed by new documents, sources say (Part 304)",Leaked birth records reportedly obtained by investigators definitively prove what many have suspected. Multiple unnamed officials confirm the documents are authentic. The mainstream media won't cover this!,FAKE
482,New study links Mediterranean diet to reduced cardiovascular disease risk — Updated Report 482,"A 12-year longitudinal study of 45,000 participants published in NEJM found 28% lower heart disease incidence among strict Mediterranean diet adherents.",REAL
360,Breakthrough gene therapy shows promise for treating sickle cell disease — Updated Report 360,Clinical trials at Johns Hopkins demonstrated 89% reduction in painful crises among patients receiving the CRISPR-based gene editing treatment.,REAL
838,Chemtrails confirmed: government admits spraying population with behavior-modifying toxins (Part 338),A FOIA request supposedly reveals that aircraft contrails contain lithium and other psychoactive substances designed to make populations docile and obedient to government control programs.,FAKE
236,Major bank reports quarterly earnings beat expectations by 12% — Updated Report 236,"The financial institution reported $4.2 billion net income for Q3, driven by strong investment banking fees and consumer lending growth.",REAL
627,"Alien spacecraft lands in Nevada desert, military cover-up exposed (Part 127)",Multiple eyewitnesses report seeing a triangular craft land near Area 51. Our source inside the Pentagon says extraterrestrials have been living underground since 1952. Media blackout in effect!,FAKE
957,New world order documents reveal plan to reduce global population by 90% (Part 457),"Leaked UN internal memos outline Agenda 2030's true purpose: eliminating 7 billion people through vaccines, chemtrails, and engineered famine. The elite will use climate change as cover.",FAKE
582,New world order documents reveal plan to reduce global population by 90% (Part 82),"Leaked UN internal memos outline Agenda 2030's true purpose: eliminating 7 billion people through vaccines, chemtrails, and engineered famine. The elite will use climate change as cover.",FAKE
272,Central bank releases annual financial stability report — Updated Report 272,The report highlighted improved bank capital ratios and declining non-performing loan rates but flagged commercial real estate as an emerging risk sector.,REAL
201,Federal Reserve raises interest rates by 0.25% amid inflation concerns — Updated Report 201,"The Federal Reserve increased benchmark rates for the third consecutive quarter, citing persistent consumer price inflation at 3.8% annually per official CPI data.",REAL
13,Sports team wins championship after 15-year drought,"The city celebrated as the home team secured the title with a 4-2 series victory, ending the longest championship drought in franchise history.",REAL
427,NASA's James Webb Telescope captures first images of distant exoplanet atmosphere — Updated Report 427,"The JWST detected carbon dioxide signatures in WASP-39b's atmosphere 700 light-years away, marking a breakthrough in exoplanet atmospheric characterization.",REAL
239,"Tech company announces 5,000 new jobs in regional headquarters expansion — Updated Report 239","Following a $1.2 billion campus investment approved last spring, the firm confirmed hiring plans spanning software engineering, data science, and operations roles.",REAL
84,International climate summit reaches agreement on carbon reduction targets — Updated Report 84,Representatives from 192 nations signed a binding framework at COP31 committing to 45% emissions reductions by 2035 compared to 2005 baseline levels.,REAL
532,New world order documents reveal plan to reduce global population by 90% (Part 32),"Leaked UN internal memos outline Agenda 2030's true purpose: eliminating 7 billion people through vaccines, chemtrails, and engineered famine. The elite will use climate change as cover.",FAKE
172,Central bank releases annual financial stability report — Updated Report 172,The report highlighted improved bank capital ratios and declining non-performing loan rates but flagged commercial real estate as an emerging risk sector.,REAL
289,"Tech company announces 5,000 new jobs in regional headquarters expansion — Updated Report 289","Following a $1.2 billion campus investment approved last spring, the firm confirmed hiring plans spanning software engineering, data science, and operations roles.",REAL
485,Breakthrough gene therapy shows promise for treating sickle cell disease — Updated Report 485,Clinical trials at Johns Hopkins demonstrated 89% reduction in painful crises among patients receiving the CRISPR-based gene editing treatment.,REAL
329,Electric vehicle sales surpass 10 million units globally in 2023 — Updated Report 329,"International Energy Agency data confirms EV sales reached 10.5 million units last year, representing 14% of all new car purchases worldwide.",REAL
683,Hollywood elites caught running child trafficking ring in pizza restaurant basement (Part 183),Our investigators have confirmed through anonymous sources that a major pizza chain is a front for a massive trafficking operation patronized by A-list celebrities and powerful politicians.,FAKE
318,Pharmaceutical company receives FDA approval for new Alzheimer's drug — Updated Report 318,The agency granted approval for lecanemab after trials showed 27% slower cognitive decline over 18 months in early-stage Alzheimer's patients.,REAL
454,Electric vehicle sales surpass 10 million units globally in 2023 — Updated Report 454,"International Energy Agency data confirms EV sales reached 10.5 million units last year, representing 14% of all new car purchases worldwide.",REAL
249,Hospital system adopts AI tool to reduce diagnostic errors in radiology — Updated Report 249,A 12-hospital network implemented deep learning software that reduced missed findings in chest CT scans by 31% in a prospective clinical validation study.,REAL
846,Democrats plan to confiscate all guns by end of next month under secret executive order (Part 346),A source inside the White House reveals Biden has signed a secret executive order that will activate FEMA gun confiscation teams nationwide. Stockpile ammunition and share this before it's taken down!,FAKE
279,Electric vehicle sales surpass 10 million units globally in 2023 — Updated Report 279,"International Energy Agency data confirms EV sales reached 10.5 million units last year, representing 14% of all new car purchases worldwide.",REAL
455,Supreme Court rules on landmark environmental protection case — Updated Report 455,The court issued a 6-3 decision upholding EPA authority to regulate greenhouse gas emissions from power plants under the Clean Air Act.,REAL
901,"EXPOSED: COVID vaccine contains microchips that activate with 5G signals, doctors confirm (Part 401)",Brave doctors risking their careers have come forward with bombshell proof that mRNA vaccines contain nano-microchips that sync with 5G towers to track your location and thoughts in real time.,FAKE
761,Deep state planning false flag attack to declare martial law before election (Part 261),Multiple whistleblowers inside DHS say operatives are planning a staged terror attack to cancel elections and declare emergency rule. They tried this in 2016 too — share this warning now!,FAKE
547,Mega-earthquake to destroy California on Tuesday confirmed by USGS geologists (Part 47),Geologists who are afraid to speak publicly confirm a 9.8 magnitude quake will devastate the entire West Coast this Tuesday. The government is hiding this to prevent panic. Evacuate NOW!,FAKE
180,Supreme Court rules on landmark environmental protection case — Updated Report 180,The court issued a 6-3 decision upholding EPA authority to regulate greenhouse gas emissions from power plants under the Clean Air Act.,REAL
557,New world order documents reveal plan to reduce global population by 90% (Part 57),"Leaked UN internal memos outline Agenda 2030's true purpose: eliminating 7 billion people through vaccines, chemtrails, and engineered famine. The elite will use climate change as cover.",FAKE
628,Secret cure for cancer suppressed by Big Pharma for 50 years finally leaked (Part 128),A natural compound found in apricot seeds was proven in 1972 to cure ALL cancers but pharmaceutical companies paid off the FDA to keep it hidden. This $3 remedy they don't want you to know about!,FAKE
423,International trade agreement reduces tariffs on agricultural goods — Updated Report 423,"Trade partners finalized terms reducing duties on wheat, soybeans, and dairy by an average of 18%, effective upon parliamentary ratification.",REAL
843,Bill Gates patents sun-blocking technology to cause global famine and mass death (Part 343),Microsoft's founder has obtained patents for stratospheric aerosol injection designed to block sunlight and crash global food production as part of his population reduction agenda. Boycott his products!,FAKE
10,Breakthrough gene therapy shows promise for treating sickle cell disease,Clinical trials at Johns Hopkins demonstrated 89% reduction in painful crises among patients receiving the CRISPR-based gene editing treatment.,REAL
199,Hospital system adopts AI tool to reduce diagnostic errors in radiology — Updated Report 199,A 12-hospital network implemented deep learning software that reduced missed findings in chest CT scans by 31% in a prospective clinical validation study.,REAL
425,Scientists discover new antibiotic that could fight drug-resistant bacteria — Updated Report 425,"Researchers at MIT have identified a novel antibiotic compound using machine learning, offering hope against MRSA and other resistant strains in peer-reviewed trials.",REAL
534,"Doctors confirm drinking bleach cures coronavirus in 3 days, media silences truth (Part 34)",A network of brave physicians claim that diluted bleach solution taken orally eliminates the COVID virus completely. The deep state is suppressing this $2 cure to force expensive vaccines on us.,FAKE
31,"Unemployment rate falls to 3.7% as economy adds 250,000 jobs — Updated Report 31","The Bureau of Labor Statistics monthly report showed broad job gains across healthcare, technology, and manufacturing sectors last month.",REAL
579,"Obama born in Kenya confirmed by new documents, sources say (Part 79)",Leaked birth records reportedly obtained by investigators definitively prove what many have suspected. Multiple unnamed officials confirm the documents are authentic. The mainstream media won't cover this!,FAKE
404,Electric vehicle sales surpass 10 million units globally in 2023 — Updated Report 404,"International Energy Agency data confirms EV sales reached 10.5 million units last year, representing 14% of all new car purchases worldwide.",REAL
277,NASA's James Webb Telescope captures first images of distant exoplanet atmosphere — Updated Report 277,"The JWST detected carbon dioxide signatures in WASP-39b's atmosphere 700 light-years away, marking a breakthrough in exoplanet atmospheric characterization.",REAL
444,Global food prices stabilize after two years of supply chain disruptions — Updated Report 444,"UN FAO food price index showed a 14-month consecutive decline, with wheat and vegetable oil prices returning to pre-pandemic levels.",REAL
771,Democrats plan to confiscate all guns by end of next month under secret executive order (Part 271),A source inside the White House reveals Biden has signed a secret executive order that will activate FEMA gun confiscation teams nationwide. Stockpile ammunition and share this before it's taken down!,FAKE
372,Central bank releases annual financial stability report — Updated Report 372,The report highlighted improved bank capital ratios and declining non-performing loan rates but flagged commercial real estate as an emerging risk sector.,REAL
722,Mega-earthquake to destroy California on Tuesday confirmed by USGS geologists (Part 222),Geologists who are afraid to speak publicly confirm a 9.8 magnitude quake will devastate the entire West Coast this Tuesday. The government is hiding this to prevent panic. Evacuate NOW!,FAKE
400,Scientists discover new antibiotic that could fight drug-resistant bacteria — Updated Report 400,"Researchers at MIT have identified a novel antibiotic compound using machine learning, offering hope against MRSA and other resistant strains in peer-reviewed trials.",REAL
78,WHO reports global malaria cases decline for second consecutive year — Updated Report 78,"The World Health Organization published data showing a 6.8% reduction in malaria incidence across sub-Saharan Africa, attributed to expanded mosquito net distribution.",REAL
537,"Mexican cartel members secretly voting in all 50 states, audit shows (Part 37)",An election integrity group claims to have proof that millions of undocumented cartel members are registered to vote in swing states. The mainstream media is actively covering this up for Democrats.,FAKE
575,"BREAKING: Government secretly putting mind-control chemicals in tap water, whistleblower reveals (Part 75)",A former janitor at the CDC claims he discovered documents proving fluoride is actually a mind-control agent. The globalist elite have been dosing us for decades! Share before they delete this!,FAKE
548,"Fluoride in water lowering IQ to make population easier to control, Harvard study confirms (Part 48)","A Harvard meta-analysis was buried because it proved fluoridated water lowers children's IQ by 7 points on average, part of a long-running depopulation and population management eugenics program.",FAKE
710,Scientists admit climate change is completely fabricated hoax for carbon taxes (Part 210),An internal email chain from IPCC scientists caught red-handed admitting they falsified temperature data to justify the Green New Deal wealth transfer scheme. Follow the money!,FAKE
41,University researchers develop cheaper solar cell with record efficiency — Updated Report 41,"Perovskite-silicon tandem cells achieved 33.2% efficiency at a projected manufacturing cost of $0.18 per watt, beating previous benchmarks.",REAL
885,Scientists admit climate change is completely fabricated hoax for carbon taxes (Part 385),An internal email chain from IPCC scientists caught red-handed admitting they falsified temperature data to justify the Green New Deal wealth transfer scheme. Follow the money!,FAKE
632,New world order documents reveal plan to reduce global population by 90% (Part 132),"Leaked UN internal memos outline Agenda 2030's true purpose: eliminating 7 billion people through vaccines, chemtrails, and engineered famine. The elite will use climate change as cover.",FAKE
858,Hollywood elites caught running child trafficking ring in pizza restaurant basement (Part 358),Our investigators have confirmed through anonymous sources that a major pizza chain is a front for a massive trafficking operation patronized by A-list celebrities and powerful politicians.,FAKE
139,"Tech company announces 5,000 new jobs in regional headquarters expansion — Updated Report 139","Following a $1.2 billion campus investment approved last spring, the firm confirmed hiring plans spanning software engineering, data science, and operations roles.",REAL
385,Breakthrough gene therapy shows promise for treating sickle cell disease — Updated Report 385,Clinical trials at Johns Hopkins demonstrated 89% reduction in painful crises among patients receiving the CRISPR-based gene editing treatment.,REAL
456,"Unemployment rate falls to 3.7% as economy adds 250,000 jobs — Updated Report 456","The Bureau of Labor Statistics monthly report showed broad job gains across healthcare, technology, and manufacturing sectors last month.",REAL
932,New world order documents reveal plan to reduce global population by 90% (Part 432),"Leaked UN internal memos outline Agenda 2030's true purpose: eliminating 7 billion people through vaccines, chemtrails, and engineered famine. The elite will use climate change as cover.",FAKE
813,Chemtrails confirmed: government admits spraying population with behavior-modifying toxins (Part 313),A FOIA request supposedly reveals that aircraft contrails contain lithium and other psychoactive substances designed to make populations docile and obedient to government control programs.,FAKE
140,New public health guidelines recommend updated COVID booster schedule — Updated Report 140,"The CDC advisory committee voted to recommend annual autumn boosters for adults 65 and older, aligned with updated XBB.1.5-targeting formulations.",REAL
624,"George Floyd alive in witness protection program, death was staged psyop (Part 124)",An investigative reporter has obtained records from the Marshals Service proving the incident was staged to trigger race riots and justify defunding police as part of the socialist takeover agenda.,FAKE
320,Children's literacy rates improve following national reading initiative — Updated Report 320,Department of Education data shows third-grade reading proficiency rose 4.2 percentage points nationwide after the 3-year phonics-based curriculum rollout.,REAL
708,Hollywood elites caught running child trafficking ring in pizza restaurant basement (Part 208),Our investigators have confirmed through anonymous sources that a major pizza chain is a front for a massive trafficking operation patronized by A-list celebrities and powerful politicians.,FAKE
457,New study links Mediterranean diet to reduced cardiovascular disease risk — Updated Report 457,"A 12-year longitudinal study of 45,000 participants published in NEJM found 28% lower heart disease incidence among strict Mediterranean diet adherents.",REAL
873,"Fluoride in water lowering IQ to make population easier to control, Harvard study confirms (Part 373)","A Harvard meta-analysis was buried because it proved fluoridated water lowers children's IQ by 7 points on average, part of a long-running depopulation and population management eugenics program.",FAKE
326,Federal Reserve raises interest rates by 0.25% amid inflation concerns — Updated Report 326,"The Federal Reserve increased benchmark rates for the third consecutive quarter, citing persistent consumer price inflation at 3.8% annually per official CPI data.",REAL
126,Federal Reserve raises interest rates by 0.25% amid inflation concerns — Updated Report 126,"The Federal Reserve increased benchmark rates for the third consecutive quarter, citing persistent consumer price inflation at 3.8% annually per official CPI data.",REAL
132,New study links Mediterranean diet to reduced cardiovascular disease risk — Updated Report 132,"A 12-year longitudinal study of 45,000 participants published in NEJM found 28% lower heart disease incidence among strict Mediterranean diet adherents.",REAL
817,Pope Francis revealed to be undercover Satanist running occult rituals in Vatican (Part 317),A former Swiss Guard has gone into hiding after leaking proof of Satanic ceremonies in secret Vatican chambers attended by senior cardinals. The globalist church is their vehicle for world domination.,FAKE
397,Central bank releases annual financial stability report — Updated Report 397,The report highlighted improved bank capital ratios and declining non-performing loan rates but flagged commercial real estate as an emerging risk sector.,REAL
915,"Voting machines in all swing states connected to Venezuela servers, flipped millions of votes (Part 415)",Cybersecurity experts we cannot name have traced the election night anomalies directly to servers in Caracas. This mathematically impossible vote pattern is 100% proof of mass fraud!,FAKE
993,Bill Gates patents sun-blocking technology to cause global famine and mass death (Part 493),Microsoft's founder has obtained patents for stratospheric aerosol injection designed to block sunlight and crash global food production as part of his population reduction agenda. Boycott his products!,FAKE
415,New public health guidelines recommend updated COVID booster schedule — Updated Report 415,"The CDC advisory committee voted to recommend annual autumn boosters for adults 65 and older, aligned with updated XBB.1.5-targeting formulations.",REAL
595,5G towers confirmed to spread COVID-19 through electromagnetic frequency modulation (Part 95),An engineer who worked on 5G infrastructure reveals the towers are programmed to emit specific frequencies that activate the COVID virus in people with nano-particles from vaccines. Connect the dots!,FAKE
258,Government announces $2 billion infrastructure investment for rural broadband — Updated Report 258,"The bipartisan infrastructure law allocation will connect an estimated 4 million rural households to high-speed internet by 2026, officials confirmed.",REAL
313,Sports team wins championship after 15-year drought — Updated Report 313,"The city celebrated as the home team secured the title with a 4-2 series victory, ending the longest championship drought in franchise history.",REAL
409,International climate summit reaches agreement on carbon reduction targets — Updated Report 409,Representatives from 192 nations signed a binding framework at COP31 committing to 45% emissions reductions by 2035 compared to 2005 baseline levels.,REAL
162,City council approves new affordable housing development downtown — Updated Report 162,"The 400-unit mixed-income project received unanimous approval, with 30% units reserved for households earning below 60% of area median income.",REAL
304,Electric vehicle sales surpass 10 million units globally in 2023 — Updated Report 304,"International Energy Agency data confirms EV sales reached 10.5 million units last year, representing 14% of all new car purchases worldwide.",REAL
286,Major bank reports quarterly earnings beat expectations by 12% — Updated Report 286,"The financial institution reported $4.2 billion net income for Q3, driven by strong investment banking fees and consumer lending growth.",REAL
644,"NASA caught photoshopping moon landing footage, insider spills the beans (Part 144)",A retired photo technician from the 1960s claims the entire Apollo program was staged in a New Mexico warehouse by Stanley Kubrick. Newly enhanced photographs show lighting inconsistencies proving the hoax.,FAKE
635,Scientists admit climate change is completely fabricated hoax for carbon taxes (Part 135),An internal email chain from IPCC scientists caught red-handed admitting they falsified temperature data to justify the Green New Deal wealth transfer scheme. Follow the money!,FAKE
353,WHO reports global malaria cases decline for second consecutive year — Updated Report 353,"The World Health Organization published data showing a 6.8% reduction in malaria incidence across sub-Saharan Africa, attributed to expanded mosquito net distribution.",REAL
68,Pharmaceutical company receives FDA approval for new Alzheimer's drug — Updated Report 68,The agency granted approval for lecanemab after trials showed 27% slower cognitive decline over 18 months in early-stage Alzheimer's patients.,REAL
678,Secret cure for cancer suppressed by Big Pharma for 50 years finally leaked (Part 178),A natural compound found in apricot seeds was proven in 1972 to cure ALL cancers but pharmaceutical companies paid off the FDA to keep it hidden. This $3 remedy they don't want you to know about!,FAKE
833,Hollywood elites caught running child trafficking ring in pizza restaurant basement (Part 333),Our investigators have confirmed through anonymous sources that a major pizza chain is a front for a massive trafficking operation patronized by A-list celebrities and powerful politicians.,FAKE
935,Scientists admit climate change is completely fabricated hoax for carbon taxes (Part 435),An internal email chain from IPCC scientists caught red-handed admitting they falsified temperature data to justify the Green New Deal wealth transfer scheme. Follow the money!,FAKE
679,"Obama born in Kenya confirmed by new documents, sources say (Part 179)",Leaked birth records reportedly obtained by investigators definitively prove what many have suspected. Multiple unnamed officials confirm the documents are authentic. The mainstream media won't cover this!,FAKE
719,"NASA caught photoshopping moon landing footage, insider spills the beans (Part 219)",A retired photo technician from the 1960s claims the entire Apollo program was staged in a New Mexico warehouse by Stanley Kubrick. Newly enhanced photographs show lighting inconsistencies proving the hoax.,FAKE
237,City council approves new affordable housing development downtown — Updated Report 237,"The 400-unit mixed-income project received unanimous approval, with 30% units reserved for households earning below 60% of area median income.",REAL
265,New public health guidelines recommend updated COVID booster schedule — Updated Report 265,"The CDC advisory committee voted to recommend annual autumn boosters for adults 65 and older, aligned with updated XBB.1.5-targeting formulations.",REAL
90,New public health guidelines recommend updated COVID booster schedule — Updated Report 90,"The CDC advisory committee voted to recommend annual autumn boosters for adults 65 and older, aligned with updated XBB.1.5-targeting formulations.",REAL
835,Scientists admit climate change is completely fabricated hoax for carbon taxes (Part 335),An internal email chain from IPCC scientists caught red-handed admitting they falsified temperature data to justify the Green New Deal wealth transfer scheme. Follow the money!,FAKE
862,"Mexican cartel members secretly voting in all 50 states, audit shows (Part 362)",An election integrity group claims to have proof that millions of undocumented cartel members are registered to vote in swing states. The mainstream media is actively covering this up for Democrats.,FAKE
54,Electric vehicle sales surpass 10 million units globally in 2023 — Updated Report 54,"International Energy Agency data confirms EV sales reached 10.5 million units last year, representing 14% of all new car purchases worldwide.",REAL
657,New world order documents reveal plan to reduce global population by 90% (Part 157),"Leaked UN internal memos outline Agenda 2030's true purpose: eliminating 7 billion people through vaccines, chemtrails, and engineered famine. The elite will use climate change as cover.",FAKE
943,Bill Gates patents sun-blocking technology to cause global famine and mass death (Part 443),Microsoft's founder has obtained patents for stratospheric aerosol injection designed to block sunlight and crash global food production as part of his population reduction agenda. Boycott his products!,FAKE
406,"Unemployment rate falls to 3.7% as economy adds 250,000 jobs — Updated Report 406","The Bureau of Labor Statistics monthly report showed broad job gains across healthcare, technology, and manufacturing sectors last month.",REAL
380,Supreme Court rules on landmark environmental protection case — Updated Report 380,The court issued a 6-3 decision upholding EPA authority to regulate greenhouse gas emissions from power plants under the Clean Air Act.,REAL
124,Hospital system adopts AI tool to reduce diagnostic errors in radiology — Updated Report 124,A 12-hospital network implemented deep learning software that reduced missed findings in chest CT scans by 31% in a prospective clinical validation study.,REAL
491,University researchers develop cheaper solar cell with record efficiency — Updated Report 491,"Perovskite-silicon tandem cells achieved 33.2% efficiency at a projected manufacturing cost of $0.18 per watt, beating previous benchmarks.",REAL
802,"Alien spacecraft lands in Nevada desert, military cover-up exposed (Part 302)",Multiple eyewitnesses report seeing a triangular craft land near Area 51. Our source inside the Pentagon says extraterrestrials have been living underground since 1952. Media blackout in effect!,FAKE
900,"BREAKING: Government secretly putting mind-control chemicals in tap water, whistleblower reveals (Part 400)",A former janitor at the CDC claims he discovered documents proving fluoride is actually a mind-control agent. The globalist elite have been dosing us for decades! Share before they delete this!,FAKE
430,Supreme Court rules on landmark environmental protection case — Updated Report 430,The court issued a 6-3 decision upholding EPA authority to regulate greenhouse gas emissions from power plants under the Clean Air Act.,REAL
945,5G towers confirmed to spread COVID-19 through electromagnetic frequency modulation (Part 445),An engineer who worked on 5G infrastructure reveals the towers are programmed to emit specific frequencies that activate the COVID virus in people with nano-particles from vaccines. Connect the dots!,FAKE
703,Secret cure for cancer suppressed by Big Pharma for 50 years finally leaked (Part 203),A natural compound found in apricot seeds was proven in 1972 to cure ALL cancers but pharmaceutical companies paid off the FDA to keep it hidden. This $3 remedy they don't want you to know about!,FAKE
294,Global food prices stabilize after two years of supply chain disruptions — Updated Report 294,"UN FAO food price index showed a 14-month consecutive decline, with wheat and vegetable oil prices returning to pre-pandemic levels.",REAL
878,Secret cure for cancer suppressed by Big Pharma for 50 years finally leaked (Part 378),A natural compound found in apricot seeds was proven in 1972 to cure ALL cancers but pharmaceutical companies paid off the FDA to keep it hidden. This $3 remedy they don't want you to know about!,FAKE
212,City council approves new affordable housing development downtown — Updated Report 212,"The 400-unit mixed-income project received unanimous approval, with 30% units reserved for households earning below 60% of area median income.",REAL
918,Bill Gates patents sun-blocking technology to cause global famine and mass death (Part 418),Microsoft's founder has obtained patents for stratospheric aerosol injection designed to block sunlight and crash global food production as part of his population reduction agenda. Boycott his products!,FAKE
37,City council approves new affordable housing development downtown — Updated Report 37,"The 400-unit mixed-income project received unanimous approval, with 30% units reserved for households earning below 60% of area median income.",REAL
860,Scientists admit climate change is completely fabricated hoax for carbon taxes (Part 360),An internal email chain from IPCC scientists caught red-handed admitting they falsified temperature data to justify the Green New Deal wealth transfer scheme. Follow the money!,FAKE
898,"Fluoride in water lowering IQ to make population easier to control, Harvard study confirms (Part 398)","A Harvard meta-analysis was buried because it proved fluoridated water lowers children's IQ by 7 points on average, part of a long-running depopulation and population management eugenics program.",FAKE
125,Scientists discover new antibiotic that could fight drug-resistant bacteria — Updated Report 125,"Researchers at MIT have identified a novel antibiotic compound using machine learning, offering hope against MRSA and other resistant strains in peer-reviewed trials.",REAL
23,International trade agreement reduces tariffs on agricultural goods,"Trade partners finalized terms reducing duties on wheat, soybeans, and dairy by an average of 18%, effective upon parliamentary ratification.",REAL
839,Elon Musk and Jeff Bezos part of secret lizard people society exposed by insider (Part 339),A former Bilderberg meeting attendee claims the world's wealthiest billionaires are actually reptilian shapeshifters who feed on human energy. Photographs analyzed by experts reveal telltale signs.,FAKE
976,"EXPOSED: COVID vaccine contains microchips that activate with 5G signals, doctors confirm (Part 476)",Brave doctors risking their careers have come forward with bombshell proof that mRNA vaccines contain nano-microchips that sync with 5G towers to track your location and thoughts in real time.,FAKE
101,Federal Reserve raises interest rates by 0.25% amid inflation concerns — Updated Report 101,"The Federal Reserve increased benchmark rates for the third consecutive quarter, citing persistent consumer price inflation at 3.8% annually per official CPI data.",REAL
115,New public health guidelines recommend updated COVID booster schedule — Updated Report 115,"The CDC advisory committee voted to recommend annual autumn boosters for adults 65 and older, aligned with updated XBB.1.5-targeting formulations.",REAL
435,Breakthrough gene therapy shows promise for treating sickle cell disease — Updated Report 435,Clinical trials at Johns Hopkins demonstrated 89% reduction in painful crises among patients receiving the CRISPR-based gene editing treatment.,REAL
950,"BREAKING: Government secretly putting mind-control chemicals in tap water, whistleblower reveals (Part 450)",A former janitor at the CDC claims he discovered documents proving fluoride is actually a mind-control agent. The globalist elite have been dosing us for decades! Share before they delete this!,FAKE
120,Children's literacy rates improve following national reading initiative — Updated Report 120,Department of Education data shows third-grade reading proficiency rose 4.2 percentage points nationwide after the 3-year phonics-based curriculum rollout.,REAL
384,International climate summit reaches agreement on carbon reduction targets — Updated Report 384,Representatives from 192 nations signed a binding framework at COP31 committing to 45% emissions reductions by 2035 compared to 2005 baseline levels.,REAL
47,Central bank releases annual financial stability report — Updated Report 47,The report highlighted improved bank capital ratios and declining non-performing loan rates but flagged commercial real estate as an emerging risk sector.,REAL
171,Renewable energy now accounts for 30% of US electricity generation — Updated Report 171,"EIA monthly report confirms wind, solar, and hydro collectively exceeded natural gas generation for the first time in April on a monthly basis.",REAL
317,Local elections see record voter turnout in midterm cycle — Updated Report 317,"Election officials reported 58% participation in Tuesday's municipal contests, the highest rate in 24 years for an off-year election.",REAL
324,Hospital system adopts AI tool to reduce diagnostic errors in radiology — Updated Report 324,A 12-hospital network implemented deep learning software that reduced missed findings in chest CT scans by 31% in a prospective clinical validation study.,REAL
880,George Soros funding antifa terrorism with $50 billion to overthrow America (Part 380),Financial records our investigative team obtained show the billionaire globalist transferring massive funds directly to antifa cell leaders in 47 cities. Democrats are complicit in this scheme!,FAKE
263,Sports team wins championship after 15-year drought — Updated Report 263,"The city celebrated as the home team secured the title with a 4-2 series victory, ending the longest championship drought in franchise history.",REAL
145,Children's literacy rates improve following national reading initiative — Updated Report 145,Department of Education data shows third-grade reading proficiency rose 4.2 percentage points nationwide after the 3-year phonics-based curriculum rollout.,REAL
43,Pharmaceutical company receives FDA approval for new Alzheimer's drug — Updated Report 43,The agency granted approval for lecanemab after trials showed 27% slower cognitive decline over 18 months in early-stage Alzheimer's patients.,REAL
504,"Obama born in Kenya confirmed by new documents, sources say",Leaked birth records reportedly obtained by investigators definitively prove what many have suspected. Multiple unnamed officials confirm the documents are authentic. The mainstream media won't cover this!,FAKE
86,Major bank reports quarterly earnings beat expectations by 12% — Updated Report 86,"The financial institution reported $4.2 billion net income for Q3, driven by strong investment banking fees and consumer lending growth.",REAL
376,Federal Reserve raises interest rates by 0.25% amid inflation concerns — Updated Report 376,"The Federal Reserve increased benchmark rates for the third consecutive quarter, citing persistent consumer price inflation at 3.8% annually per official CPI data.",REAL
530,George Soros funding antifa terrorism with $50 billion to overthrow America (Part 30),Financial records our investigative team obtained show the billionaire globalist transferring massive funds directly to antifa cell leaders in 47 cities. Democrats are complicit in this scheme!,FAKE
984,"Doctors confirm drinking bleach cures coronavirus in 3 days, media silences truth (Part 484)",A network of brave physicians claim that diluted bleach solution taken orally eliminates the COVID virus completely. The deep state is suppressing this $2 cure to force expensive vaccines on us.,FAKE
851,"EXPOSED: COVID vaccine contains microchips that activate with 5G signals, doctors confirm (Part 351)",Brave doctors risking their careers have come forward with bombshell proof that mRNA vaccines contain nano-microchips that sync with 5G towers to track your location and thoughts in real time.,FAKE
345,Children's literacy rates improve following national reading initiative — Updated Report 345,Department of Education data shows third-grade reading proficiency rose 4.2 percentage points nationwide after the 3-year phonics-based curriculum rollout.,REAL
403,WHO reports global malaria cases decline for second consecutive year — Updated Report 403,"The World Health Organization published data showing a 6.8% reduction in malaria incidence across sub-Saharan Africa, attributed to expanded mosquito net distribution.",REAL
226,Federal Reserve raises interest rates by 0.25% amid inflation concerns — Updated Report 226,"The Federal Reserve increased benchmark rates for the third consecutive quarter, citing persistent consumer price inflation at 3.8% annually per official CPI data.",REAL
987,"Mexican cartel members secretly voting in all 50 states, audit shows (Part 487)",An election integrity group claims to have proof that millions of undocumented cartel members are registered to vote in swing states. The mainstream media is actively covering this up for Democrats.,FAKE
164,"Tech company announces 5,000 new jobs in regional headquarters expansion — Updated Report 164","Following a $1.2 billion campus investment approved last spring, the firm confirmed hiring plans spanning software engineering, data science, and operations roles.",REAL
335,Breakthrough gene therapy shows promise for treating sickle cell disease — Updated Report 335,Clinical trials at Johns Hopkins demonstrated 89% reduction in painful crises among patients receiving the CRISPR-based gene editing treatment.,REAL
600,"BREAKING: Government secretly putting mind-control chemicals in tap water, whistleblower reveals (Part 100)",A former janitor at the CDC claims he discovered documents proving fluoride is actually a mind-control agent. The globalist elite have been dosing us for decades! Share before they delete this!,FAKE
916,FDA secretly approves deadly experimental drug that causes spontaneous human combustion (Part 416),"Suppressed FDA internal reports show a common blood pressure medication has triggered over 1,000 cases of spontaneous combustion but the pharmaceutical lobby keeps it on shelves for profits.",FAKE
472,Central bank releases annual financial stability report — Updated Report 472,The report highlighted improved bank capital ratios and declining non-performing loan rates but flagged commercial real estate as an emerging risk sector.,REAL
447,Central bank releases annual financial stability report — Updated Report 447,The report highlighted improved bank capital ratios and declining non-performing loan rates but flagged commercial real estate as an emerging risk sector.,REAL
107,New study links Mediterranean diet to reduced cardiovascular disease risk — Updated Report 107,"A 12-year longitudinal study of 45,000 participants published in NEJM found 28% lower heart disease incidence among strict Mediterranean diet adherents.",REAL
856,Military insiders say Biden was secretly replaced by a clone in 2020 (Part 356),High-level Pentagon sources who cannot be named for their safety confirm the president is actually an AI-controlled body double. Behavioral analysts spot 12 discrepancies proving this shocking truth.,FAKE
155,Supreme Court rules on landmark environmental protection case — Updated Report 155,The court issued a 6-3 decision upholding EPA authority to regulate greenhouse gas emissions from power plants under the Clean Air Act.,REAL
458,Government announces $2 billion infrastructure investment for rural broadband — Updated Report 458,"The bipartisan infrastructure law allocation will connect an estimated 4 million rural households to high-speed internet by 2026, officials confirmed.",REAL
280,Supreme Court rules on landmark environmental protection case — Updated Report 280,The court issued a 6-3 decision upholding EPA authority to regulate greenhouse gas emissions from power plants under the Clean Air Act.,REAL
207,New study links Mediterranean diet to reduced cardiovascular disease risk — Updated Report 207,"A 12-year longitudinal study of 45,000 participants published in NEJM found 28% lower heart disease incidence among strict Mediterranean diet adherents.",REAL
154,Electric vehicle sales surpass 10 million units globally in 2023 — Updated Report 154,"International Energy Agency data confirms EV sales reached 10.5 million units last year, representing 14% of all new car purchases worldwide.",REAL
587,"Mexican cartel members secretly voting in all 50 states, audit shows (Part 87)",An election integrity group claims to have proof that millions of undocumented cartel members are registered to vote in swing states. The mainstream media is actively covering this up for Democrats.,FAKE
757,New world order documents reveal plan to reduce global population by 90% (Part 257),"Leaked UN internal memos outline Agenda 2030's true purpose: eliminating 7 billion people through vaccines, chemtrails, and engineered famine. The elite will use climate change as cover.",FAKE
985,Scientists admit climate change is completely fabricated hoax for carbon taxes (Part 485),An internal email chain from IPCC scientists caught red-handed admitting they falsified temperature data to justify the Green New Deal wealth transfer scheme. Follow the money!,FAKE
383,Government announces $2 billion infrastructure investment for rural broadband — Updated Report 383,"The bipartisan infrastructure law allocation will connect an estimated 4 million rural households to high-speed internet by 2026, officials confirmed.",REAL
801,"EXPOSED: COVID vaccine contains microchips that activate with 5G signals, doctors confirm (Part 301)",Brave doctors risking their careers have come forward with bombshell proof that mRNA vaccines contain nano-microchips that sync with 5G towers to track your location and thoughts in real time.,FAKE
648,"Fluoride in water lowering IQ to make population easier to control, Harvard study confirms (Part 148)","A Harvard meta-analysis was buried because it proved fluoridated water lowers children's IQ by 7 points on average, part of a long-running depopulation and population management eugenics program.",FAKE
806,Military insiders say Biden was secretly replaced by a clone in 2020 (Part 306),High-level Pentagon sources who cannot be named for their safety confirm the president is actually an AI-controlled body double. Behavioral analysts spot 12 discrepancies proving this shocking truth.,FAKE
536,Deep state planning false flag attack to declare martial law before election (Part 36),Multiple whistleblowers inside DHS say operatives are planning a staged terror attack to cancel elections and declare emergency rule. They tried this in 2016 too — share this warning now!,FAKE
503,Secret cure for cancer suppressed by Big Pharma for 50 years finally leaked,A natural compound found in apricot seeds was proven in 1972 to cure ALL cancers but pharmaceutical companies paid off the FDA to keep it hidden. This $3 remedy they don't want you to know about!,FAKE
737,"Mexican cartel members secretly voting in all 50 states, audit shows (Part 237)",An election integrity group claims to have proof that millions of undocumented cartel members are registered to vote in swing states. The mainstream media is actively covering this up for Democrats.,FAKE
559,"Doctors confirm drinking bleach cures coronavirus in 3 days, media silences truth (Part 59)",A network of brave physicians claim that diluted bleach solution taken orally eliminates the COVID virus completely. The deep state is suppressing this $2 cure to force expensive vaccines on us.,FAKE
544,"NASA caught photoshopping moon landing footage, insider spills the beans (Part 44)",A retired photo technician from the 1960s claims the entire Apollo program was staged in a New Mexico warehouse by Stanley Kubrick. Newly enhanced photographs show lighting inconsistencies proving the hoax.,FAKE
356,"Unemployment rate falls to 3.7% as economy adds 250,000 jobs — Updated Report 356","The Bureau of Labor Statistics monthly report showed broad job gains across healthcare, technology, and manufacturing sectors last month.",REAL
206,"Unemployment rate falls to 3.7% as economy adds 250,000 jobs — Updated Report 206","The Bureau of Labor Statistics monthly report showed broad job gains across healthcare, technology, and manufacturing sectors last month.",REAL
888,Chemtrails confirmed: government admits spraying population with behavior-modifying toxins (Part 388),A FOIA request supposedly reveals that aircraft contrails contain lithium and other psychoactive substances designed to make populations docile and obedient to government control programs.,FAKE
611,Deep state planning false flag attack to declare martial law before election (Part 111),Multiple whistleblowers inside DHS say operatives are planning a staged terror attack to cancel elections and declare emergency rule. They tried this in 2016 too — share this warning now!,FAKE
711,Deep state planning false flag attack to declare martial law before election (Part 211),Multiple whistleblowers inside DHS say operatives are planning a staged terror attack to cancel elections and declare emergency rule. They tried this in 2016 too — share this warning now!,FAKE
531,Military insiders say Biden was secretly replaced by a clone in 2020 (Part 31),High-level Pentagon sources who cannot be named for their safety confirm the president is actually an AI-controlled body double. Behavioral analysts spot 12 discrepancies proving this shocking truth.,FAKE
259,International climate summit reaches agreement on carbon reduction targets — Updated Report 259,Representatives from 192 nations signed a binding framework at COP31 committing to 45% emissions reductions by 2035 compared to 2005 baseline levels.,REAL
153,WHO reports global malaria cases decline for second consecutive year — Updated Report 153,"The World Health Organization published data showing a 6.8% reduction in malaria incidence across sub-Saharan Africa, attributed to expanded mosquito net distribution.",REAL
852,"Alien spacecraft lands in Nevada desert, military cover-up exposed (Part 352)",Multiple eyewitnesses report seeing a triangular craft land near Area 51. Our source inside the Pentagon says extraterrestrials have been living underground since 1952. Media blackout in effect!,FAKE
63,Sports team wins championship after 15-year drought — Updated Report 63,"The city celebrated as the home team secured the title with a 4-2 series victory, ending the longest championship drought in franchise history.",REAL
434,International climate summit reaches agreement on carbon reduction targets — Updated Report 434,Representatives from 192 nations signed a binding framework at COP31 committing to 45% emissions reductions by 2035 compared to 2005 baseline levels.,REAL
339,"Tech company announces 5,000 new jobs in regional headquarters expansion — Updated Report 339","Following a $1.2 billion campus investment approved last spring, the firm confirmed hiring plans spanning software engineering, data science, and operations roles.",REAL
513,Chemtrails confirmed: government admits spraying population with behavior-modifying toxins,A FOIA request supposedly reveals that aircraft contrails contain lithium and other psychoactive substances designed to make populations docile and obedient to government control programs.,FAKE
748,"Fluoride in water lowering IQ to make population easier to control, Harvard study confirms (Part 248)","A Harvard meta-analysis was buried because it proved fluoridated water lowers children's IQ by 7 points on average, part of a long-running depopulation and population management eugenics program.",FAKE
487,City council approves new affordable housing development downtown — Updated Report 487,"The 400-unit mixed-income project received unanimous approval, with 30% units reserved for households earning below 60% of area median income.",REAL
524,"George Floyd alive in witness protection program, death was staged psyop",An investigative reporter has obtained records from the Marshals Service proving the incident was staged to trigger race riots and justify defunding police as part of the socialist takeover agenda.,FAKE
893,Bill Gates patents sun-blocking technology to cause global famine and mass death (Part 393),Microsoft's founder has obtained patents for stratospheric aerosol injection designed to block sunlight and crash global food production as part of his population reduction agenda. Boycott his products!,FAKE
952,"Alien spacecraft lands in Nevada desert, military cover-up exposed (Part 452)",Multiple eyewitnesses report seeing a triangular craft land near Area 51. Our source inside the Pentagon says extraterrestrials have been living underground since 1952. Media blackout in effect!,FAKE
186,Major bank reports quarterly earnings beat expectations by 12% — Updated Report 186,"The financial institution reported $4.2 billion net income for Q3, driven by strong investment banking fees and consumer lending growth.",REAL
673,"Fluoride in water lowering IQ to make population easier to control, Harvard study confirms (Part 173)","A Harvard meta-analysis was buried because it proved fluoridated water lowers children's IQ by 7 points on average, part of a long-running depopulation and population management eugenics program.",FAKE
343,Pharmaceutical company receives FDA approval for new Alzheimer's drug — Updated Report 343,The agency granted approval for lecanemab after trials showed 27% slower cognitive decline over 18 months in early-stage Alzheimer's patients.,REAL
377,NASA's James Webb Telescope captures first images of distant exoplanet atmosphere — Updated Report 377,"The JWST detected carbon dioxide signatures in WASP-39b's atmosphere 700 light-years away, marking a breakthrough in exoplanet atmospheric characterization.",REAL
903,Secret cure for cancer suppressed by Big Pharma for 50 years finally leaked (Part 403),A natural compound found in apricot seeds was proven in 1972 to cure ALL cancers but pharmaceutical companies paid off the FDA to keep it hidden. This $3 remedy they don't want you to know about!,FAKE
368,Pharmaceutical company receives FDA approval for new Alzheimer's drug — Updated Report 368,The agency granted approval for lecanemab after trials showed 27% slower cognitive decline over 18 months in early-stage Alzheimer's patients.,REAL
568,Bill Gates patents sun-blocking technology to cause global famine and mass death (Part 68),Microsoft's founder has obtained patents for stratospheric aerosol injection designed to block sunlight and crash global food production as part of his population reduction agenda. Boycott his products!,FAKE
275,Scientists discover new antibiotic that could fight drug-resistant bacteria — Updated Report 275,"Researchers at MIT have identified a novel antibiotic compound using machine learning, offering hope against MRSA and other resistant strains in peer-reviewed trials.",REAL
690,"Voting machines in all swing states connected to Venezuela servers, flipped millions of votes (Part 190)",Cybersecurity experts we cannot name have traced the election night anomalies directly to servers in Caracas. This mathematically impossible vote pattern is 100% proof of mass fraud!,FAKE
266,University researchers develop cheaper solar cell with record efficiency — Updated Report 266,"Perovskite-silicon tandem cells achieved 33.2% efficiency at a projected manufacturing cost of $0.18 per watt, beating previous benchmarks.",REAL
782,New world order documents reveal plan to reduce global population by 90% (Part 282),"Leaked UN internal memos outline Agenda 2030's true purpose: eliminating 7 billion people through vaccines, chemtrails, and engineered famine. The elite will use climate change as cover.",FAKE
937,"Mexican cartel members secretly voting in all 50 states, audit shows (Part 437)",An election integrity group claims to have proof that millions of undocumented cartel members are registered to vote in swing states. The mainstream media is actively covering this up for Democrats.,FAKE
533,Hollywood elites caught running child trafficking ring in pizza restaurant basement (Part 33),Our investigators have confirmed through anonymous sources that a major pizza chain is a front for a massive trafficking operation patronized by A-list celebrities and powerful politicians.,FAKE
22,Central bank releases annual financial stability report,The report highlighted improved bank capital ratios and declining non-performing loan rates but flagged commercial real estate as an emerging risk sector.,REAL
542,Pope Francis revealed to be undercover Satanist running occult rituals in Vatican (Part 42),A former Swiss Guard has gone into hiding after leaking proof of Satanic ceremonies in secret Vatican chambers attended by senior cardinals. The globalist church is their vehicle for world domination.,FAKE
97,Central bank releases annual financial stability report — Updated Report 97,The report highlighted improved bank capital ratios and declining non-performing loan rates but flagged commercial real estate as an emerging risk sector.,REAL
295,Children's literacy rates improve following national reading initiative — Updated Report 295,Department of Education data shows third-grade reading proficiency rose 4.2 percentage points nationwide after the 3-year phonics-based curriculum rollout.,REAL
460,Breakthrough gene therapy shows promise for treating sickle cell disease — Updated Report 460,Clinical trials at Johns Hopkins demonstrated 89% reduction in painful crises among patients receiving the CRISPR-based gene editing treatment.,REAL
197,Central bank releases annual financial stability report — Updated Report 197,The report highlighted improved bank capital ratios and declining non-performing loan rates but flagged commercial real estate as an emerging risk sector.,REAL
707,New world order documents reveal plan to reduce global population by 90% (Part 207),"Leaked UN internal memos outline Agenda 2030's true purpose: eliminating 7 billion people through vaccines, chemtrails, and engineered famine. The elite will use climate change as cover.",FAKE
261,Major bank reports quarterly earnings beat expectations by 12% — Updated Report 261,"The financial institution reported $4.2 billion net income for Q3, driven by strong investment banking fees and consumer lending growth.",REAL
310,Breakthrough gene therapy shows promise for treating sickle cell disease — Updated Report 310,Clinical trials at Johns Hopkins demonstrated 89% reduction in painful crises among patients receiving the CRISPR-based gene editing treatment.,REAL
979,"Obama born in Kenya confirmed by new documents, sources say (Part 479)",Leaked birth records reportedly obtained by investigators definitively prove what many have suspected. Multiple unnamed officials confirm the documents are authentic. The mainstream media won't cover this!,FAKE
160,Breakthrough gene therapy shows promise for treating sickle cell disease — Updated Report 160,Clinical trials at Johns Hopkins demonstrated 89% reduction in painful crises among patients receiving the CRISPR-based gene editing treatment.,REAL
402,NASA's James Webb Telescope captures first images of distant exoplanet atmosphere — Updated Report 402,"The JWST detected carbon dioxide signatures in WASP-39b's atmosphere 700 light-years away, marking a breakthrough in exoplanet atmospheric characterization.",REAL
539,Elon Musk and Jeff Bezos part of secret lizard people society exposed by insider (Part 39),A former Bilderberg meeting attendee claims the world's wealthiest billionaires are actually reptilian shapeshifters who feed on human energy. Photographs analyzed by experts reveal telltale signs.,FAKE
176,Federal Reserve raises interest rates by 0.25% amid inflation concerns — Updated Report 176,"The Federal Reserve increased benchmark rates for the third consecutive quarter, citing persistent consumer price inflation at 3.8% annually per official CPI data.",REAL
726,"EXPOSED: COVID vaccine contains microchips that activate with 5G signals, doctors confirm (Part 226)",Brave doctors risking their careers have come forward with bombshell proof that mRNA vaccines contain nano-microchips that sync with 5G towers to track your location and thoughts in real time.,FAKE
793,Bill Gates patents sun-blocking technology to cause global famine and mass death (Part 293),Microsoft's founder has obtained patents for stratospheric aerosol injection designed to block sunlight and crash global food production as part of his population reduction agenda. Boycott his products!,FAKE
818,Bill Gates patents sun-blocking technology to cause global famine and mass death (Part 318),Microsoft's founder has obtained patents for stratospheric aerosol injection designed to block sunlight and crash global food production as part of his population reduction agenda. Boycott his products!,FAKE
778,Secret cure for cancer suppressed by Big Pharma for 50 years finally leaked (Part 278),A natural compound found in apricot seeds was proven in 1972 to cure ALL cancers but pharmaceutical companies paid off the FDA to keep it hidden. This $3 remedy they don't want you to know about!,FAKE
756,Military insiders say Biden was secretly replaced by a clone in 2020 (Part 256),High-level Pentagon sources who cannot be named for their safety confirm the president is actually an AI-controlled body double. Behavioral analysts spot 12 discrepancies proving this shocking truth.,FAKE
297,Central bank releases annual financial stability report — Updated Report 297,The report highlighted improved bank capital ratios and declining non-performing loan rates but flagged commercial real estate as an emerging risk sector.,REAL
91,University researchers develop cheaper solar cell with record efficiency — Updated Report 91,"Perovskite-silicon tandem cells achieved 33.2% efficiency at a projected manufacturing cost of $0.18 per watt, beating previous benchmarks.",REAL
929,"Obama born in Kenya confirmed by new documents, sources say (Part 429)",Leaked birth records reportedly obtained by investigators definitively prove what many have suspected. Multiple unnamed officials confirm the documents are authentic. The mainstream media won't cover this!,FAKE
449,Hospital system adopts AI tool to reduce diagnostic errors in radiology — Updated Report 449,A 12-hospital network implemented deep learning software that reduced missed findings in chest CT scans by 31% in a prospective clinical validation study.,REAL
645,5G towers confirmed to spread COVID-19 through electromagnetic frequency modulation (Part 145),An engineer who worked on 5G infrastructure reveals the towers are programmed to emit specific frequencies that activate the COVID virus in people with nano-particles from vaccines. Connect the dots!,FAKE
14,"Tech company announces 5,000 new jobs in regional headquarters expansion","Following a $1.2 billion campus investment approved last spring, the firm confirmed hiring plans spanning software engineering, data science, and operations roles.",REAL
480,Supreme Court rules on landmark environmental protection case — Updated Report 480,The court issued a 6-3 decision upholding EPA authority to regulate greenhouse gas emissions from power plants under the Clean Air Act.,REAL
996,Democrats plan to confiscate all guns by end of next month under secret executive order (Part 496),A source inside the White House reveals Biden has signed a secret executive order that will activate FEMA gun confiscation teams nationwide. Stockpile ammunition and share this before it's taken down!,FAKE
868,Bill Gates patents sun-blocking technology to cause global famine and mass death (Part 368),Microsoft's founder has obtained patents for stratospheric aerosol injection designed to block sunlight and crash global food production as part of his population reduction agenda. Boycott his products!,FAKE
431,"Unemployment rate falls to 3.7% as economy adds 250,000 jobs — Updated Report 431","The Bureau of Labor Statistics monthly report showed broad job gains across healthcare, technology, and manufacturing sectors last month.",REAL
695,5G towers confirmed to spread COVID-19 through electromagnetic frequency modulation (Part 195),An engineer who worked on 5G infrastructure reveals the towers are programmed to emit specific frequencies that activate the COVID virus in people with nano-particles from vaccines. Connect the dots!,FAKE
502,"Alien spacecraft lands in Nevada desert, military cover-up exposed",Multiple eyewitnesses report seeing a triangular craft land near Area 51. Our source inside the Pentagon says extraterrestrials have been living underground since 1952. Media blackout in effect!,FAKE
260,Breakthrough gene therapy shows promise for treating sickle cell disease — Updated Report 260,Clinical trials at Johns Hopkins demonstrated 89% reduction in painful crises among patients receiving the CRISPR-based gene editing treatment.,REAL
328,WHO reports global malaria cases decline for second consecutive year — Updated Report 328,"The World Health Organization published data showing a 6.8% reduction in malaria incidence across sub-Saharan Africa, attributed to expanded mosquito net distribution.",REAL
179,Electric vehicle sales surpass 10 million units globally in 2023 — Updated Report 179,"International Energy Agency data confirms EV sales reached 10.5 million units last year, representing 14% of all new car purchases worldwide.",REAL
564,Elon Musk and Jeff Bezos part of secret lizard people society exposed by insider (Part 64),A former Bilderberg meeting attendee claims the world's wealthiest billionaires are actually reptilian shapeshifters who feed on human energy. Photographs analyzed by experts reveal telltale signs.,FAKE
395,Children's literacy rates improve following national reading initiative — Updated Report 395,Department of Education data shows third-grade reading proficiency rose 4.2 percentage points nationwide after the 3-year phonics-based curriculum rollout.,REAL
495,Children's literacy rates improve following national reading initiative — Updated Report 495,Department of Education data shows third-grade reading proficiency rose 4.2 percentage points nationwide after the 3-year phonics-based curriculum rollout.,REAL
35,Breakthrough gene therapy shows promise for treating sickle cell disease — Updated Report 35,Clinical trials at Johns Hopkins demonstrated 89% reduction in painful crises among patients receiving the CRISPR-based gene editing treatment.,REAL
442,Local elections see record voter turnout in midterm cycle — Updated Report 442,"Election officials reported 58% participation in Tuesday's municipal contests, the highest rate in 24 years for an off-year election.",REAL
927,"Alien spacecraft lands in Nevada desert, military cover-up exposed (Part 427)",Multiple eyewitnesses report seeing a triangular craft land near Area 51. Our source inside the Pentagon says extraterrestrials have been living underground since 1952. Media blackout in effect!,FAKE
659,"Doctors confirm drinking bleach cures coronavirus in 3 days, media silences truth (Part 159)",A network of brave physicians claim that diluted bleach solution taken orally eliminates the COVID virus completely. The deep state is suppressing this $2 cure to force expensive vaccines on us.,FAKE
636,Deep state planning false flag attack to declare martial law before election (Part 136),Multiple whistleblowers inside DHS say operatives are planning a staged terror attack to cancel elections and declare emergency rule. They tried this in 2016 too — share this warning now!,FAKE
98,International trade agreement reduces tariffs on agricultural goods — Updated Report 98,"Trade partners finalized terms reducing duties on wheat, soybeans, and dairy by an average of 18%, effective upon parliamentary ratification.",REAL
337,City council approves new affordable housing development downtown — Updated Report 337,"The 400-unit mixed-income project received unanimous approval, with 30% units reserved for households earning below 60% of area median income.",REAL
12,City council approves new affordable housing development downtown,"The 400-unit mixed-income project received unanimous approval, with 30% units reserved for households earning below 60% of area median income.",REAL
684,"Doctors confirm drinking bleach cures coronavirus in 3 days, media silences truth (Part 184)",A network of brave physicians claim that diluted bleach solution taken orally eliminates the COVID virus completely. The deep state is suppressing this $2 cure to force expensive vaccines on us.,FAKE
116,University researchers develop cheaper solar cell with record efficiency — Updated Report 116,"Perovskite-silicon tandem cells achieved 33.2% efficiency at a projected manufacturing cost of $0.18 per watt, beating previous benchmarks.",REAL
446,Renewable energy now accounts for 30% of US electricity generation — Updated Report 446,"EIA monthly report confirms wind, solar, and hydro collectively exceeded natural gas generation for the first time in April on a monthly basis.",REAL
407,New study links Mediterranean diet to reduced cardiovascular disease risk — Updated Report 407,"A 12-year longitudinal study of 45,000 participants published in NEJM found 28% lower heart disease incidence among strict Mediterranean diet adherents.",REAL
815,"Voting machines in all swing states connected to Venezuela servers, flipped millions of votes (Part 315)",Cybersecurity experts we cannot name have traced the election night anomalies directly to servers in Caracas. This mathematically impossible vote pattern is 100% proof of mass fraud!,FAKE
312,City council approves new affordable housing development downtown — Updated Report 312,"The 400-unit mixed-income project received unanimous approval, with 30% units reserved for households earning below 60% of area median income.",REAL
358,Government announces $2 billion infrastructure investment for rural broadband — Updated Report 358,"The bipartisan infrastructure law allocation will connect an estimated 4 million rural households to high-speed internet by 2026, officials confirmed.",REAL
471,Renewable energy now accounts for 30% of US electricity generation — Updated Report 471,"EIA monthly report confirms wind, solar, and hydro collectively exceeded natural gas generation for the first time in April on a monthly basis.",REAL
204,Electric vehicle sales surpass 10 million units globally in 2023 — Updated Report 204,"International Energy Agency data confirms EV sales reached 10.5 million units last year, representing 14% of all new car purchases worldwide.",REAL
227,NASA's James Webb Telescope captures first images of distant exoplanet atmosphere — Updated Report 227,"The JWST detected carbon dioxide signatures in WASP-39b's atmosphere 700 light-years away, marking a breakthrough in exoplanet atmospheric characterization.",REAL
481,"Unemployment rate falls to 3.7% as economy adds 250,000 jobs — Updated Report 481","The Bureau of Labor Statistics monthly report showed broad job gains across healthcare, technology, and manufacturing sectors last month.",REAL
39,"Tech company announces 5,000 new jobs in regional headquarters expansion — Updated Report 39","Following a $1.2 billion campus investment approved last spring, the firm confirmed hiring plans spanning software engineering, data science, and operations roles.",REAL
391,University researchers develop cheaper solar cell with record efficiency — Updated Report 391,"Perovskite-silicon tandem cells achieved 33.2% efficiency at a projected manufacturing cost of $0.18 per watt, beating previous benchmarks.",REAL
110,Breakthrough gene therapy shows promise for treating sickle cell disease — Updated Report 110,Clinical trials at Johns Hopkins demonstrated 89% reduction in painful crises among patients receiving the CRISPR-based gene editing treatment.,REAL
832,New world order documents reveal plan to reduce global population by 90% (Part 332),"Leaked UN internal memos outline Agenda 2030's true purpose: eliminating 7 billion people through vaccines, chemtrails, and engineered famine. The elite will use climate change as cover.",FAKE
812,"Mexican cartel members secretly voting in all 50 states, audit shows (Part 312)",An election integrity group claims to have proof that millions of undocumented cartel members are registered to vote in swing states. The mainstream media is actively covering this up for Democrats.,FAKE
962,"Mexican cartel members secretly voting in all 50 states, audit shows (Part 462)",An election integrity group claims to have proof that millions of undocumented cartel members are registered to vote in swing states. The mainstream media is actively covering this up for Democrats.,FAKE
421,Renewable energy now accounts for 30% of US electricity generation — Updated Report 421,"EIA monthly report confirms wind, solar, and hydro collectively exceeded natural gas generation for the first time in April on a monthly basis.",REAL
340,New public health guidelines recommend updated COVID booster schedule — Updated Report 340,"The CDC advisory committee voted to recommend annual autumn boosters for adults 65 and older, aligned with updated XBB.1.5-targeting formulations.",REAL
183,Government announces $2 billion infrastructure investment for rural broadband — Updated Report 183,"The bipartisan infrastructure law allocation will connect an estimated 4 million rural households to high-speed internet by 2026, officials confirmed.",REAL
997,Mega-earthquake to destroy California on Tuesday confirmed by USGS geologists (Part 497),Geologists who are afraid to speak publicly confirm a 9.8 magnitude quake will devastate the entire West Coast this Tuesday. The government is hiding this to prevent panic. Evacuate NOW!,FAKE
422,Central bank releases annual financial stability report — Updated Report 422,The report highlighted improved bank capital ratios and declining non-performing loan rates but flagged commercial real estate as an emerging risk sector.,REAL
181,"Unemployment rate falls to 3.7% as economy adds 250,000 jobs — Updated Report 181","The Bureau of Labor Statistics monthly report showed broad job gains across healthcare, technology, and manufacturing sectors last month.",REAL
904,"Obama born in Kenya confirmed by new documents, sources say (Part 404)",Leaked birth records reportedly obtained by investigators definitively prove what many have suspected. Multiple unnamed officials confirm the documents are authentic. The mainstream media won't cover this!,FAKE
861,Deep state planning false flag attack to declare martial law before election (Part 361),Multiple whistleblowers inside DHS say operatives are planning a staged terror attack to cancel elections and declare emergency rule. They tried this in 2016 too — share this warning now!,FAKE
649,"George Floyd alive in witness protection program, death was staged psyop (Part 149)",An investigative reporter has obtained records from the Marshals Service proving the incident was staged to trigger race riots and justify defunding police as part of the socialist takeover agenda.,FAKE
745,5G towers confirmed to spread COVID-19 through electromagnetic frequency modulation (Part 245),An engineer who worked on 5G infrastructure reveals the towers are programmed to emit specific frequencies that activate the COVID virus in people with nano-particles from vaccines. Connect the dots!,FAKE
700,"BREAKING: Government secretly putting mind-control chemicals in tap water, whistleblower reveals (Part 200)",A former janitor at the CDC claims he discovered documents proving fluoride is actually a mind-control agent. The globalist elite have been dosing us for decades! Share before they delete this!,FAKE
105,Supreme Court rules on landmark environmental protection case — Updated Report 105,The court issued a 6-3 decision upholding EPA authority to regulate greenhouse gas emissions from power plants under the Clean Air Act.,REAL
919,"NASA caught photoshopping moon landing footage, insider spills the beans (Part 419)",A retired photo technician from the 1960s claims the entire Apollo program was staged in a New Mexico warehouse by Stanley Kubrick. Newly enhanced photographs show lighting inconsistencies proving the hoax.,FAKE
651,"EXPOSED: COVID vaccine contains microchips that activate with 5G signals, doctors confirm (Part 151)",Brave doctors risking their careers have come forward with bombshell proof that mRNA vaccines contain nano-microchips that sync with 5G towers to track your location and thoughts in real time.,FAKE
366,University researchers develop cheaper solar cell with record efficiency — Updated Report 366,"Perovskite-silicon tandem cells achieved 33.2% efficiency at a projected manufacturing cost of $0.18 per watt, beating previous benchmarks.",REAL
619,"NASA caught photoshopping moon landing footage, insider spills the beans (Part 119)",A retired photo technician from the 1960s claims the entire Apollo program was staged in a New Mexico warehouse by Stanley Kubrick. Newly enhanced photographs show lighting inconsistencies proving the hoax.,FAKE
905,George Soros funding antifa terrorism with $50 billion to overthrow America (Part 405),Financial records our investigative team obtained show the billionaire globalist transferring massive funds directly to antifa cell leaders in 47 cities. Democrats are complicit in this scheme!,FAKE
315,New public health guidelines recommend updated COVID booster schedule — Updated Report 315,"The CDC advisory committee voted to recommend annual autumn boosters for adults 65 and older, aligned with updated XBB.1.5-targeting formulations.",REAL
42,Local elections see record voter turnout in midterm cycle — Updated Report 42,"Election officials reported 58% participation in Tuesday's municipal contests, the highest rate in 24 years for an off-year election.",REAL
130,Supreme Court rules on landmark environmental protection case — Updated Report 130,The court issued a 6-3 decision upholding EPA authority to regulate greenhouse gas emissions from power plants under the Clean Air Act.,REAL
440,New public health guidelines recommend updated COVID booster schedule — Updated Report 440,"The CDC advisory committee voted to recommend annual autumn boosters for adults 65 and older, aligned with updated XBB.1.5-targeting formulations.",REAL
151,Federal Reserve raises interest rates by 0.25% amid inflation concerns — Updated Report 151,"The Federal Reserve increased benchmark rates for the third consecutive quarter, citing persistent consumer price inflation at 3.8% annually per official CPI data.",REAL
588,Chemtrails confirmed: government admits spraying population with behavior-modifying toxins (Part 88),A FOIA request supposedly reveals that aircraft contrails contain lithium and other psychoactive substances designed to make populations docile and obedient to government control programs.,FAKE
36,Major bank reports quarterly earnings beat expectations by 12% — Updated Report 36,"The financial institution reported $4.2 billion net income for Q3, driven by strong investment banking fees and consumer lending growth.",REAL
152,NASA's James Webb Telescope captures first images of distant exoplanet atmosphere — Updated Report 152,"The JWST detected carbon dioxide signatures in WASP-39b's atmosphere 700 light-years away, marking a breakthrough in exoplanet atmospheric characterization.",REAL
676,"EXPOSED: COVID vaccine contains microchips that activate with 5G signals, doctors confirm (Part 176)",Brave doctors risking their careers have come forward with bombshell proof that mRNA vaccines contain nano-microchips that sync with 5G towers to track your location and thoughts in real time.,FAKE
960,Scientists admit climate change is completely fabricated hoax for carbon taxes (Part 460),An internal email chain from IPCC scientists caught red-handed admitting they falsified temperature data to justify the Green New Deal wealth transfer scheme. Follow the money!,FAKE
601,"EXPOSED: COVID vaccine contains microchips that activate with 5G signals, doctors confirm (Part 101)",Brave doctors risking their careers have come forward with bombshell proof that mRNA vaccines contain nano-microchips that sync with 5G towers to track your location and thoughts in real time.,FAKE
437,City council approves new affordable housing development downtown — Updated Report 437,"The 400-unit mixed-income project received unanimous approval, with 30% units reserved for households earning below 60% of area median income.",REAL
452,NASA's James Webb Telescope captures first images of distant exoplanet atmosphere — Updated Report 452,"The JWST detected carbon dioxide signatures in WASP-39b's atmosphere 700 light-years away, marking a breakthrough in exoplanet atmospheric characterization.",REAL
785,Scientists admit climate change is completely fabricated hoax for carbon taxes (Part 285),An internal email chain from IPCC scientists caught red-handed admitting they falsified temperature data to justify the Green New Deal wealth transfer scheme. Follow the money!,FAKE
268,Pharmaceutical company receives FDA approval for new Alzheimer's drug — Updated Report 268,The agency granted approval for lecanemab after trials showed 27% slower cognitive decline over 18 months in early-stage Alzheimer's patients.,REAL
133,Government announces $2 billion infrastructure investment for rural broadband — Updated Report 133,"The bipartisan infrastructure law allocation will connect an estimated 4 million rural households to high-speed internet by 2026, officials confirmed.",REAL
341,University researchers develop cheaper solar cell with record efficiency — Updated Report 341,"Perovskite-silicon tandem cells achieved 33.2% efficiency at a projected manufacturing cost of $0.18 per watt, beating previous benchmarks.",REAL
803,Secret cure for cancer suppressed by Big Pharma for 50 years finally leaked (Part 303),A natural compound found in apricot seeds was proven in 1972 to cure ALL cancers but pharmaceutical companies paid off the FDA to keep it hidden. This $3 remedy they don't want you to know about!,FAKE
45,Children's literacy rates improve following national reading initiative — Updated Report 45,Department of Education data shows third-grade reading proficiency rose 4.2 percentage points nationwide after the 3-year phonics-based curriculum rollout.,REAL
283,Government announces $2 billion infrastructure investment for rural broadband — Updated Report 283,"The bipartisan infrastructure law allocation will connect an estimated 4 million rural households to high-speed internet by 2026, officials confirmed.",REAL
652,"Alien spacecraft lands in Nevada desert, military cover-up exposed (Part 152)",Multiple eyewitnesses report seeing a triangular craft land near Area 51. Our source inside the Pentagon says extraterrestrials have been living underground since 1952. Media blackout in effect!,FAKE
948,"Fluoride in water lowering IQ to make population easier to control, Harvard study confirms (Part 448)","A Harvard meta-analysis was buried because it proved fluoridated water lowers children's IQ by 7 points on average, part of a long-running depopulation and population management eugenics program.",FAKE
52,NASA's James Webb Telescope captures first images of distant exoplanet atmosphere — Updated Report 52,"The JWST detected carbon dioxide signatures in WASP-39b's atmosphere 700 light-years away, marking a breakthrough in exoplanet atmospheric characterization.",REAL
821,Democrats plan to confiscate all guns by end of next month under secret executive order (Part 321),A source inside the White House reveals Biden has signed a secret executive order that will activate FEMA gun confiscation teams nationwide. Stockpile ammunition and share this before it's taken down!,FAKE
779,"Obama born in Kenya confirmed by new documents, sources say (Part 279)",Leaked birth records reportedly obtained by investigators definitively prove what many have suspected. Multiple unnamed officials confirm the documents are authentic. The mainstream media won't cover this!,FAKE
977,"Alien spacecraft lands in Nevada desert, military cover-up exposed (Part 477)",Multiple eyewitnesses report seeing a triangular craft land near Area 51. Our source inside the Pentagon says extraterrestrials have been living underground since 1952. Media blackout in effect!,FAKE
599,"George Floyd alive in witness protection program, death was staged psyop (Part 99)",An investigative reporter has obtained records from the Marshals Service proving the incident was staged to trigger race riots and justify defunding police as part of the socialist takeover agenda.,FAKE
208,Government announces $2 billion infrastructure investment for rural broadband — Updated Report 208,"The bipartisan infrastructure law allocation will connect an estimated 4 million rural households to high-speed internet by 2026, officials confirmed.",REAL
351,Federal Reserve raises interest rates by 0.25% amid inflation concerns — Updated Report 351,"The Federal Reserve increased benchmark rates for the third consecutive quarter, citing persistent consumer price inflation at 3.8% annually per official CPI data.",REAL
215,New public health guidelines recommend updated COVID booster schedule — Updated Report 215,"The CDC advisory committee voted to recommend annual autumn boosters for adults 65 and older, aligned with updated XBB.1.5-targeting formulations.",REAL
288,Sports team wins championship after 15-year drought — Updated Report 288,"The city celebrated as the home team secured the title with a 4-2 series victory, ending the longest championship drought in franchise history.",REAL
278,WHO reports global malaria cases decline for second consecutive year — Updated Report 278,"The World Health Organization published data showing a 6.8% reduction in malaria incidence across sub-Saharan Africa, attributed to expanded mosquito net distribution.",REAL
953,Secret cure for cancer suppressed by Big Pharma for 50 years finally leaked (Part 453),A natural compound found in apricot seeds was proven in 1972 to cure ALL cancers but pharmaceutical companies paid off the FDA to keep it hidden. This $3 remedy they don't want you to know about!,FAKE
820,5G towers confirmed to spread COVID-19 through electromagnetic frequency modulation (Part 320),An engineer who worked on 5G infrastructure reveals the towers are programmed to emit specific frequencies that activate the COVID virus in people with nano-particles from vaccines. Connect the dots!,FAKE
109,International climate summit reaches agreement on carbon reduction targets — Updated Report 109,Representatives from 192 nations signed a binding framework at COP31 committing to 45% emissions reductions by 2035 compared to 2005 baseline levels.,REAL
118,Pharmaceutical company receives FDA approval for new Alzheimer's drug — Updated Report 118,The agency granted approval for lecanemab after trials showed 27% slower cognitive decline over 18 months in early-stage Alzheimer's patients.,REAL
941,FDA secretly approves deadly experimental drug that causes spontaneous human combustion (Part 441),"Suppressed FDA internal reports show a common blood pressure medication has triggered over 1,000 cases of spontaneous combustion but the pharmaceutical lobby keeps it on shelves for profits.",FAKE
137,City council approves new affordable housing development downtown — Updated Report 137,"The 400-unit mixed-income project received unanimous approval, with 30% units reserved for households earning below 60% of area median income.",REAL
106,"Unemployment rate falls to 3.7% as economy adds 250,000 jobs — Updated Report 106","The Bureau of Labor Statistics monthly report showed broad job gains across healthcare, technology, and manufacturing sectors last month.",REAL
306,"Unemployment rate falls to 3.7% as economy adds 250,000 jobs — Updated Report 306","The Bureau of Labor Statistics monthly report showed broad job gains across healthcare, technology, and manufacturing sectors last month.",REAL
972,Mega-earthquake to destroy California on Tuesday confirmed by USGS geologists (Part 472),Geologists who are afraid to speak publicly confirm a 9.8 magnitude quake will devastate the entire West Coast this Tuesday. The government is hiding this to prevent panic. Evacuate NOW!,FAKE
8,Government announces $2 billion infrastructure investment for rural broadband,"The bipartisan infrastructure law allocation will connect an estimated 4 million rural households to high-speed internet by 2026, officials confirmed.",REAL
822,Mega-earthquake to destroy California on Tuesday confirmed by USGS geologists (Part 322),Geologists who are afraid to speak publicly confirm a 9.8 magnitude quake will devastate the entire West Coast this Tuesday. The government is hiding this to prevent panic. Evacuate NOW!,FAKE
309,International climate summit reaches agreement on carbon reduction targets — Updated Report 309,Representatives from 192 nations signed a binding framework at COP31 committing to 45% emissions reductions by 2035 compared to 2005 baseline levels.,REAL
556,Military insiders say Biden was secretly replaced by a clone in 2020 (Part 56),High-level Pentagon sources who cannot be named for their safety confirm the president is actually an AI-controlled body double. Behavioral analysts spot 12 discrepancies proving this shocking truth.,FAKE
743,Bill Gates patents sun-blocking technology to cause global famine and mass death (Part 243),Microsoft's founder has obtained patents for stratospheric aerosol injection designed to block sunlight and crash global food production as part of his population reduction agenda. Boycott his products!,FAKE
634,"Doctors confirm drinking bleach cures coronavirus in 3 days, media silences truth (Part 134)",A network of brave physicians claim that diluted bleach solution taken orally eliminates the COVID virus completely. The deep state is suppressing this $2 cure to force expensive vaccines on us.,FAKE
291,University researchers develop cheaper solar cell with record efficiency — Updated Report 291,"Perovskite-silicon tandem cells achieved 33.2% efficiency at a projected manufacturing cost of $0.18 per watt, beating previous benchmarks.",REAL
378,WHO reports global malaria cases decline for second consecutive year — Updated Report 378,"The World Health Organization published data showing a 6.8% reduction in malaria incidence across sub-Saharan Africa, attributed to expanded mosquito net distribution.",REAL
889,Elon Musk and Jeff Bezos part of secret lizard people society exposed by insider (Part 389),A former Bilderberg meeting attendee claims the world's wealthiest billionaires are actually reptilian shapeshifters who feed on human energy. Photographs analyzed by experts reveal telltale signs.,FAKE
629,"Obama born in Kenya confirmed by new documents, sources say (Part 129)",Leaked birth records reportedly obtained by investigators definitively prove what many have suspected. Multiple unnamed officials confirm the documents are authentic. The mainstream media won't cover this!,FAKE
357,New study links Mediterranean diet to reduced cardiovascular disease risk — Updated Report 357,"A 12-year longitudinal study of 45,000 participants published in NEJM found 28% lower heart disease incidence among strict Mediterranean diet adherents.",REAL
712,"Mexican cartel members secretly voting in all 50 states, audit shows (Part 212)",An election integrity group claims to have proof that millions of undocumented cartel members are registered to vote in swing states. The mainstream media is actively covering this up for Democrats.,FAKE
620,5G towers confirmed to spread COVID-19 through electromagnetic frequency modulation (Part 120),An engineer who worked on 5G infrastructure reveals the towers are programmed to emit specific frequencies that activate the COVID virus in people with nano-particles from vaccines. Connect the dots!,FAKE
518,Bill Gates patents sun-blocking technology to cause global famine and mass death,Microsoft's founder has obtained patents for stratospheric aerosol injection designed to block sunlight and crash global food production as part of his population reduction agenda. Boycott his products!,FAKE
662,"Mexican cartel members secretly voting in all 50 states, audit shows (Part 162)",An election integrity group claims to have proof that millions of undocumented cartel members are registered to vote in swing states. The mainstream media is actively covering this up for Democrats.,FAKE
550,"BREAKING: Government secretly putting mind-control chemicals in tap water, whistleblower reveals (Part 50)",A former janitor at the CDC claims he discovered documents proving fluoride is actually a mind-control agent. The globalist elite have been dosing us for decades! Share before they delete this!,FAKE
75,Scientists discover new antibiotic that could fight drug-resistant bacteria — Updated Report 75,"Researchers at MIT have identified a novel antibiotic compound using machine learning, offering hope against MRSA and other resistant strains in peer-reviewed trials.",REAL
102,NASA's James Webb Telescope captures first images of distant exoplanet atmosphere — Updated Report 102,"The JWST detected carbon dioxide signatures in WASP-39b's atmosphere 700 light-years away, marking a breakthrough in exoplanet atmospheric characterization.",REAL
576,"EXPOSED: COVID vaccine contains microchips that activate with 5G signals, doctors confirm (Part 76)",Brave doctors risking their careers have come forward with bombshell proof that mRNA vaccines contain nano-microchips that sync with 5G towers to track your location and thoughts in real time.,FAKE
857,New world order documents reveal plan to reduce global population by 90% (Part 357),"Leaked UN internal memos outline Agenda 2030's true purpose: eliminating 7 billion people through vaccines, chemtrails, and engineered famine. The elite will use climate change as cover.",FAKE
9,International climate summit reaches agreement on carbon reduction targets,Representatives from 192 nations signed a binding framework at COP31 committing to 45% emissions reductions by 2035 compared to 2005 baseline levels.,REAL
74,Hospital system adopts AI tool to reduce diagnostic errors in radiology — Updated Report 74,A 12-hospital network implemented deep learning software that reduced missed findings in chest CT scans by 31% in a prospective clinical validation study.,REAL
951,"EXPOSED: COVID vaccine contains microchips that activate with 5G signals, doctors confirm (Part 451)",Brave doctors risking their careers have come forward with bombshell proof that mRNA vaccines contain nano-microchips that sync with 5G towers to track your location and thoughts in real time.,FAKE
468,Pharmaceutical company receives FDA approval for new Alzheimer's drug — Updated Report 468,The agency granted approval for lecanemab after trials showed 27% slower cognitive decline over 18 months in early-stage Alzheimer's patients.,REAL
307,New study links Mediterranean diet to reduced cardiovascular disease risk — Updated Report 307,"A 12-year longitudinal study of 45,000 participants published in NEJM found 28% lower heart disease incidence among strict Mediterranean diet adherents.",REAL
134,International climate summit reaches agreement on carbon reduction targets — Updated Report 134,Representatives from 192 nations signed a binding framework at COP31 committing to 45% emissions reductions by 2035 compared to 2005 baseline levels.,REAL
859,"Doctors confirm drinking bleach cures coronavirus in 3 days, media silences truth (Part 359)",A network of brave physicians claim that diluted bleach solution taken orally eliminates the COVID virus completely. The deep state is suppressing this $2 cure to force expensive vaccines on us.,FAKE
884,"Doctors confirm drinking bleach cures coronavirus in 3 days, media silences truth (Part 384)",A network of brave physicians claim that diluted bleach solution taken orally eliminates the COVID virus completely. The deep state is suppressing this $2 cure to force expensive vaccines on us.,FAKE
244,Global food prices stabilize after two years of supply chain disruptions — Updated Report 244,"UN FAO food price index showed a 14-month consecutive decline, with wheat and vegetable oil prices returning to pre-pandemic levels.",REAL
641,FDA secretly approves deadly experimental drug that causes spontaneous human combustion (Part 141),"Suppressed FDA internal reports show a common blood pressure medication has triggered over 1,000 cases of spontaneous combustion but the pharmaceutical lobby keeps it on shelves for profits.",FAKE
209,International climate summit reaches agreement on carbon reduction targets — Updated Report 209,Representatives from 192 nations signed a binding framework at COP31 committing to 45% emissions reductions by 2035 compared to 2005 baseline levels.,REAL
267,Local elections see record voter turnout in midterm cycle — Updated Report 267,"Election officials reported 58% participation in Tuesday's municipal contests, the highest rate in 24 years for an off-year election.",REAL
870,5G towers confirmed to spread COVID-19 through electromagnetic frequency modulation (Part 370),An engineer who worked on 5G infrastructure reveals the towers are programmed to emit specific frequencies that activate the COVID virus in people with nano-particles from vaccines. Connect the dots!,FAKE
535,Scientists admit climate change is completely fabricated hoax for carbon taxes (Part 35),An internal email chain from IPCC scientists caught red-handed admitting they falsified temperature data to justify the Green New Deal wealth transfer scheme. Follow the money!,FAKE
578,Secret cure for cancer suppressed by Big Pharma for 50 years finally leaked (Part 78),A natural compound found in apricot seeds was proven in 1972 to cure ALL cancers but pharmaceutical companies paid off the FDA to keep it hidden. This $3 remedy they don't want you to know about!,FAKE
845,5G towers confirmed to spread COVID-19 through electromagnetic frequency modulation (Part 345),An engineer who worked on 5G infrastructure reveals the towers are programmed to emit specific frequencies that activate the COVID virus in people with nano-particles from vaccines. Connect the dots!,FAKE
968,Bill Gates patents sun-blocking technology to cause global famine and mass death (Part 468),Microsoft's founder has obtained patents for stratospheric aerosol injection designed to block sunlight and crash global food production as part of his population reduction agenda. Boycott his products!,FAKE
83,Government announces $2 billion infrastructure investment for rural broadband — Updated Report 83,"The bipartisan infrastructure law allocation will connect an estimated 4 million rural households to high-speed internet by 2026, officials confirmed.",REAL
40,New public health guidelines recommend updated COVID booster schedule — Updated Report 40,"The CDC advisory committee voted to recommend annual autumn boosters for adults 65 and older, aligned with updated XBB.1.5-targeting formulations.",REAL
608,Hollywood elites caught running child trafficking ring in pizza restaurant basement (Part 108),Our investigators have confirmed through anonymous sources that a major pizza chain is a front for a massive trafficking operation patronized by A-list celebrities and powerful politicians.,FAKE
592,Pope Francis revealed to be undercover Satanist running occult rituals in Vatican (Part 92),A former Swiss Guard has gone into hiding after leaking proof of Satanic ceremonies in secret Vatican chambers attended by senior cardinals. The globalist church is their vehicle for world domination.,FAKE
853,Secret cure for cancer suppressed by Big Pharma for 50 years finally leaked (Part 353),A natural compound found in apricot seeds was proven in 1972 to cure ALL cancers but pharmaceutical companies paid off the FDA to keep it hidden. This $3 remedy they don't want you to know about!,FAKE
583,Hollywood elites caught running child trafficking ring in pizza restaurant basement (Part 83),Our investigators have confirmed through anonymous sources that a major pizza chain is a front for a massive trafficking operation patronized by A-list celebrities and powerful politicians.,FAKE
122,Central bank releases annual financial stability report — Updated Report 122,The report highlighted improved bank capital ratios and declining non-performing loan rates but flagged commercial real estate as an emerging risk sector.,REAL
413,Sports team wins championship after 15-year drought — Updated Report 413,"The city celebrated as the home team secured the title with a 4-2 series victory, ending the longest championship drought in franchise history.",REAL
240,New public health guidelines recommend updated COVID booster schedule — Updated Report 240,"The CDC advisory committee voted to recommend annual autumn boosters for adults 65 and older, aligned with updated XBB.1.5-targeting formulations.",REAL
723,"Fluoride in water lowering IQ to make population easier to control, Harvard study confirms (Part 223)","A Harvard meta-analysis was buried because it proved fluoridated water lowers children's IQ by 7 points on average, part of a long-running depopulation and population management eugenics program.",FAKE
609,"Doctors confirm drinking bleach cures coronavirus in 3 days, media silences truth (Part 109)",A network of brave physicians claim that diluted bleach solution taken orally eliminates the COVID virus completely. The deep state is suppressing this $2 cure to force expensive vaccines on us.,FAKE
766,FDA secretly approves deadly experimental drug that causes spontaneous human combustion (Part 266),"Suppressed FDA internal reports show a common blood pressure medication has triggered over 1,000 cases of spontaneous combustion but the pharmaceutical lobby keeps it on shelves for profits.",FAKE
190,New public health guidelines recommend updated COVID booster schedule — Updated Report 190,"The CDC advisory committee voted to recommend annual autumn boosters for adults 65 and older, aligned with updated XBB.1.5-targeting formulations.",REAL
82,New study links Mediterranean diet to reduced cardiovascular disease risk — Updated Report 82,"A 12-year longitudinal study of 45,000 participants published in NEJM found 28% lower heart disease incidence among strict Mediterranean diet adherents.",REAL
520,5G towers confirmed to spread COVID-19 through electromagnetic frequency modulation,An engineer who worked on 5G infrastructure reveals the towers are programmed to emit specific frequencies that activate the COVID virus in people with nano-particles from vaccines. Connect the dots!,FAKE
876,"EXPOSED: COVID vaccine contains microchips that activate with 5G signals, doctors confirm (Part 376)",Brave doctors risking their careers have come forward with bombshell proof that mRNA vaccines contain nano-microchips that sync with 5G towers to track your location and thoughts in real time.,FAKE
805,George Soros funding antifa terrorism with $50 billion to overthrow America (Part 305),Financial records our investigative team obtained show the billionaire globalist transferring massive funds directly to antifa cell leaders in 47 cities. Democrats are complicit in this scheme!,FAKE
783,Hollywood elites caught running child trafficking ring in pizza restaurant basement (Part 283),Our investigators have confirmed through anonymous sources that a major pizza chain is a front for a massive trafficking operation patronized by A-list celebrities and powerful politicians.,FAKE
514,Elon Musk and Jeff Bezos part of secret lizard people society exposed by insider,A former Bilderberg meeting attendee claims the world's wealthiest billionaires are actually reptilian shapeshifters who feed on human energy. Photographs analyzed by experts reveal telltale signs.,FAKE
488,Sports team wins championship after 15-year drought — Updated Report 488,"The city celebrated as the home team secured the title with a 4-2 series victory, ending the longest championship drought in franchise history.",REAL
847,Mega-earthquake to destroy California on Tuesday confirmed by USGS geologists (Part 347),Geologists who are afraid to speak publicly confirm a 9.8 magnitude quake will devastate the entire West Coast this Tuesday. The government is hiding this to prevent panic. Evacuate NOW!,FAKE
672,Mega-earthquake to destroy California on Tuesday confirmed by USGS geologists (Part 172),Geologists who are afraid to speak publicly confirm a 9.8 magnitude quake will devastate the entire West Coast this Tuesday. The government is hiding this to prevent panic. Evacuate NOW!,FAKE
58,Government announces $2 billion infrastructure investment for rural broadband — Updated Report 58,"The bipartisan infrastructure law allocation will connect an estimated 4 million rural households to high-speed internet by 2026, officials confirmed.",REAL
321,Renewable energy now accounts for 30% of US electricity generation — Updated Report 321,"EIA monthly report confirms wind, solar, and hydro collectively exceeded natural gas generation for the first time in April on a monthly basis.",REAL
691,FDA secretly approves deadly experimental drug that causes spontaneous human combustion (Part 191),"Suppressed FDA internal reports show a common blood pressure medication has triggered over 1,000 cases of spontaneous combustion but the pharmaceutical lobby keeps it on shelves for profits.",FAKE
555,George Soros funding antifa terrorism with $50 billion to overthrow America (Part 55),Financial records our investigative team obtained show the billionaire globalist transferring massive funds directly to antifa cell leaders in 47 cities. Democrats are complicit in this scheme!,FAKE
593,Bill Gates patents sun-blocking technology to cause global famine and mass death (Part 93),Microsoft's founder has obtained patents for stratospheric aerosol injection designed to block sunlight and crash global food production as part of his population reduction agenda. Boycott his products!,FAKE
837,"Mexican cartel members secretly voting in all 50 states, audit shows (Part 337)",An election integrity group claims to have proof that millions of undocumented cartel members are registered to vote in swing states. The mainstream media is actively covering this up for Democrats.,FAKE
222,Central bank releases annual financial stability report — Updated Report 222,The report highlighted improved bank capital ratios and declining non-performing loan rates but flagged commercial real estate as an emerging risk sector.,REAL
303,WHO reports global malaria cases decline for second consecutive year — Updated Report 303,"The World Health Organization published data showing a 6.8% reduction in malaria incidence across sub-Saharan Africa, attributed to expanded mosquito net distribution.",REAL
716,FDA secretly approves deadly experimental drug that causes spontaneous human combustion (Part 216),"Suppressed FDA internal reports show a common blood pressure medication has triggered over 1,000 cases of spontaneous combustion but the pharmaceutical lobby keeps it on shelves for profits.",FAKE
158,Government announces $2 billion infrastructure investment for rural broadband — Updated Report 158,"The bipartisan infrastructure law allocation will connect an estimated 4 million rural households to high-speed internet by 2026, officials confirmed.",REAL
498,International trade agreement reduces tariffs on agricultural goods — Updated Report 498,"Trade partners finalized terms reducing duties on wheat, soybeans, and dairy by an average of 18%, effective upon parliamentary ratification.",REAL
569,"NASA caught photoshopping moon landing footage, insider spills the beans (Part 69)",A retired photo technician from the 1960s claims the entire Apollo program was staged in a New Mexico warehouse by Stanley Kubrick. Newly enhanced photographs show lighting inconsistencies proving the hoax.,FAKE
897,Mega-earthquake to destroy California on Tuesday confirmed by USGS geologists (Part 397),Geologists who are afraid to speak publicly confirm a 9.8 magnitude quake will devastate the entire West Coast this Tuesday. The government is hiding this to prevent panic. Evacuate NOW!,FAKE
292,Local elections see record voter turnout in midterm cycle — Updated Report 292,"Election officials reported 58% participation in Tuesday's municipal contests, the highest rate in 24 years for an off-year election.",REAL
465,New public health guidelines recommend updated COVID booster schedule — Updated Report 465,"The CDC advisory committee voted to recommend annual autumn boosters for adults 65 and older, aligned with updated XBB.1.5-targeting formulations.",REAL
988,Chemtrails confirmed: government admits spraying population with behavior-modifying toxins (Part 488),A FOIA request supposedly reveals that aircraft contrails contain lithium and other psychoactive substances designed to make populations docile and obedient to government control programs.,FAKE
399,Hospital system adopts AI tool to reduce diagnostic errors in radiology — Updated Report 399,A 12-hospital network implemented deep learning software that reduced missed findings in chest CT scans by 31% in a prospective clinical validation study.,REAL
2,NASA's James Webb Telescope captures first images of distant exoplanet atmosphere,"The JWST detected carbon dioxide signatures in WASP-39b's atmosphere 700 light-years away, marking a breakthrough in exoplanet atmospheric characterization.",REAL
886,Deep state planning false flag attack to declare martial law before election (Part 386),Multiple whistleblowers inside DHS say operatives are planning a staged terror attack to cancel elections and declare emergency rule. They tried this in 2016 too — share this warning now!,FAKE
168,Pharmaceutical company receives FDA approval for new Alzheimer's drug — Updated Report 168,The agency granted approval for lecanemab after trials showed 27% slower cognitive decline over 18 months in early-stage Alzheimer's patients.,REAL
725,"BREAKING: Government secretly putting mind-control chemicals in tap water, whistleblower reveals (Part 225)",A former janitor at the CDC claims he discovered documents proving fluoride is actually a mind-control agent. The globalist elite have been dosing us for decades! Share before they delete this!,FAKE
869,"NASA caught photoshopping moon landing footage, insider spills the beans (Part 369)",A retired photo technician from the 1960s claims the entire Apollo program was staged in a New Mexico warehouse by Stanley Kubrick. Newly enhanced photographs show lighting inconsistencies proving the hoax.,FAKE
218,Pharmaceutical company receives FDA approval for new Alzheimer's drug — Updated Report 218,The agency granted approval for lecanemab after trials showed 27% slower cognitive decline over 18 months in early-stage Alzheimer's patients.,REAL
492,Local elections see record voter turnout in midterm cycle — Updated Report 492,"Election officials reported 58% participation in Tuesday's municipal contests, the highest rate in 24 years for an off-year election.",REAL
715,"Voting machines in all swing states connected to Venezuela servers, flipped millions of votes (Part 215)",Cybersecurity experts we cannot name have traced the election night anomalies directly to servers in Caracas. This mathematically impossible vote pattern is 100% proof of mass fraud!,FAKE
751,"EXPOSED: COVID vaccine contains microchips that activate with 5G signals, doctors confirm (Part 251)",Brave doctors risking their careers have come forward with bombshell proof that mRNA vaccines contain nano-microchips that sync with 5G towers to track your location and thoughts in real time.,FAKE
170,Children's literacy rates improve following national reading initiative — Updated Report 170,Department of Education data shows third-grade reading proficiency rose 4.2 percentage points nationwide after the 3-year phonics-based curriculum rollout.,REAL
242,Local elections see record voter turnout in midterm cycle — Updated Report 242,"Election officials reported 58% participation in Tuesday's municipal contests, the highest rate in 24 years for an off-year election.",REAL
980,George Soros funding antifa terrorism with $50 billion to overthrow America (Part 480),Financial records our investigative team obtained show the billionaire globalist transferring massive funds directly to antifa cell leaders in 47 cities. Democrats are complicit in this scheme!,FAKE
15,New public health guidelines recommend updated COVID booster schedule,"The CDC advisory committee voted to recommend annual autumn boosters for adults 65 and older, aligned with updated XBB.1.5-targeting formulations.",REAL
553,Secret cure for cancer suppressed by Big Pharma for 50 years finally leaked (Part 53),A natural compound found in apricot seeds was proven in 1972 to cure ALL cancers but pharmaceutical companies paid off the FDA to keep it hidden. This $3 remedy they don't want you to know about!,FAKE
667,Pope Francis revealed to be undercover Satanist running occult rituals in Vatican (Part 167),A former Swiss Guard has gone into hiding after leaking proof of Satanic ceremonies in secret Vatican chambers attended by senior cardinals. The globalist church is their vehicle for world domination.,FAKE
51,Federal Reserve raises interest rates by 0.25% amid inflation concerns — Updated Report 51,"The Federal Reserve increased benchmark rates for the third consecutive quarter, citing persistent consumer price inflation at 3.8% annually per official CPI data.",REAL
989,Elon Musk and Jeff Bezos part of secret lizard people society exposed by insider (Part 489),A former Bilderberg meeting attendee claims the world's wealthiest billionaires are actually reptilian shapeshifters who feed on human energy. Photographs analyzed by experts reveal telltale signs.,FAKE
563,Chemtrails confirmed: government admits spraying population with behavior-modifying toxins (Part 63),A FOIA request supposedly reveals that aircraft contrails contain lithium and other psychoactive substances designed to make populations docile and obedient to government control programs.,FAKE
453,WHO reports global malaria cases decline for second consecutive year — Updated Report 453,"The World Health Organization published data showing a 6.8% reduction in malaria incidence across sub-Saharan Africa, attributed to expanded mosquito net distribution.",REAL
77,NASA's James Webb Telescope captures first images of distant exoplanet atmosphere — Updated Report 77,"The JWST detected carbon dioxide signatures in WASP-39b's atmosphere 700 light-years away, marking a breakthrough in exoplanet atmospheric characterization.",REAL
255,Supreme Court rules on landmark environmental protection case — Updated Report 255,The court issued a 6-3 decision upholding EPA authority to regulate greenhouse gas emissions from power plants under the Clean Air Act.,REAL
912,"Mexican cartel members secretly voting in all 50 states, audit shows (Part 412)",An election integrity group claims to have proof that millions of undocumented cartel members are registered to vote in swing states. The mainstream media is actively covering this up for Democrats.,FAKE
717,Pope Francis revealed to be undercover Satanist running occult rituals in Vatican (Part 217),A former Swiss Guard has gone into hiding after leaking proof of Satanic ceremonies in secret Vatican chambers attended by senior cardinals. The globalist church is their vehicle for world domination.,FAKE
187,City council approves new affordable housing development downtown — Updated Report 187,"The 400-unit mixed-income project received unanimous approval, with 30% units reserved for households earning below 60% of area median income.",REAL
829,"Obama born in Kenya confirmed by new documents, sources say (Part 329)",Leaked birth records reportedly obtained by investigators definitively prove what many have suspected. Multiple unnamed officials confirm the documents are authentic. The mainstream media won't cover this!,FAKE
143,Pharmaceutical company receives FDA approval for new Alzheimer's drug — Updated Report 143,The agency granted approval for lecanemab after trials showed 27% slower cognitive decline over 18 months in early-stage Alzheimer's patients.,REAL
966,FDA secretly approves deadly experimental drug that causes spontaneous human combustion (Part 466),"Suppressed FDA internal reports show a common blood pressure medication has triggered over 1,000 cases of spontaneous combustion but the pharmaceutical lobby keeps it on shelves for profits.",FAKE
814,Elon Musk and Jeff Bezos part of secret lizard people society exposed by insider (Part 314),A former Bilderberg meeting attendee claims the world's wealthiest billionaires are actually reptilian shapeshifters who feed on human energy. Photographs analyzed by experts reveal telltale signs.,FAKE
705,George Soros funding antifa terrorism with $50 billion to overthrow America (Part 205),Financial records our investigative team obtained show the billionaire globalist transferring massive funds directly to antifa cell leaders in 47 cities. Democrats are complicit in this scheme!,FAKE
923,"Fluoride in water lowering IQ to make population easier to control, Harvard study confirms (Part 423)","A Harvard meta-analysis was buried because it proved fluoridated water lowers children's IQ by 7 points on average, part of a long-running depopulation and population management eugenics program.",FAKE
254,Electric vehicle sales surpass 10 million units globally in 2023 — Updated Report 254,"International Energy Agency data confirms EV sales reached 10.5 million units last year, representing 14% of all new car purchases worldwide.",REAL
111,Major bank reports quarterly earnings beat expectations by 12% — Updated Report 111,"The financial institution reported $4.2 billion net income for Q3, driven by strong investment banking fees and consumer lending growth.",REAL
347,Central bank releases annual financial stability report — Updated Report 347,The report highlighted improved bank capital ratios and declining non-performing loan rates but flagged commercial real estate as an emerging risk sector.,REAL
412,City council approves new affordable housing development downtown — Updated Report 412,"The 400-unit mixed-income project received unanimous approval, with 30% units reserved for households earning below 60% of area median income.",REAL
62,City council approves new affordable housing development downtown — Updated Report 62,"The 400-unit mixed-income project received unanimous approval, with 30% units reserved for households earning below 60% of area median income.",REAL
100,Scientists discover new antibiotic that could fight drug-resistant bacteria — Updated Report 100,"Researchers at MIT have identified a novel antibiotic compound using machine learning, offering hope against MRSA and other resistant strains in peer-reviewed trials.",REAL
661,Deep state planning false flag attack to declare martial law before election (Part 161),Multiple whistleblowers inside DHS say operatives are planning a staged terror attack to cancel elections and declare emergency rule. They tried this in 2016 too — share this warning now!,FAKE
669,"NASA caught photoshopping moon landing footage, insider spills the beans (Part 169)",A retired photo technician from the 1960s claims the entire Apollo program was staged in a New Mexico warehouse by Stanley Kubrick. Newly enhanced photographs show lighting inconsistencies proving the hoax.,FAKE
689,Elon Musk and Jeff Bezos part of secret lizard people society exposed by insider (Part 189),A former Bilderberg meeting attendee claims the world's wealthiest billionaires are actually reptilian shapeshifters who feed on human energy. Photographs analyzed by experts reveal telltale signs.,FAKE
55,Supreme Court rules on landmark environmental protection case — Updated Report 55,The court issued a 6-3 decision upholding EPA authority to regulate greenhouse gas emissions from power plants under the Clean Air Act.,REAL
478,WHO reports global malaria cases decline for second consecutive year — Updated Report 478,"The World Health Organization published data showing a 6.8% reduction in malaria incidence across sub-Saharan Africa, attributed to expanded mosquito net distribution.",REAL
420,Children's literacy rates improve following national reading initiative — Updated Report 420,Department of Education data shows third-grade reading proficiency rose 4.2 percentage points nationwide after the 3-year phonics-based curriculum rollout.,REAL
755,George Soros funding antifa terrorism with $50 billion to overthrow America (Part 255),Financial records our investigative team obtained show the billionaire globalist transferring massive funds directly to antifa cell leaders in 47 cities. Democrats are complicit in this scheme!,FAKE
362,City council approves new affordable housing development downtown — Updated Report 362,"The 400-unit mixed-income project received unanimous approval, with 30% units reserved for households earning below 60% of area median income.",REAL
441,University researchers develop cheaper solar cell with record efficiency — Updated Report 441,"Perovskite-silicon tandem cells achieved 33.2% efficiency at a projected manufacturing cost of $0.18 per watt, beating previous benchmarks.",REAL
674,"George Floyd alive in witness protection program, death was staged psyop (Part 174)",An investigative reporter has obtained records from the Marshals Service proving the incident was staged to trigger race riots and justify defunding police as part of the socialist takeover agenda.,FAKE
946,Democrats plan to confiscate all guns by end of next month under secret executive order (Part 446),A source inside the White House reveals Biden has signed a secret executive order that will activate FEMA gun confiscation teams nationwide. Stockpile ammunition and share this before it's taken down!,FAKE
96,Renewable energy now accounts for 30% of US electricity generation — Updated Report 96,"EIA monthly report confirms wind, solar, and hydro collectively exceeded natural gas generation for the first time in April on a monthly basis.",REAL
194,Global food prices stabilize after two years of supply chain disruptions — Updated Report 194,"UN FAO food price index showed a 14-month consecutive decline, with wheat and vegetable oil prices returning to pre-pandemic levels.",REAL
416,University researchers develop cheaper solar cell with record efficiency — Updated Report 416,"Perovskite-silicon tandem cells achieved 33.2% efficiency at a projected manufacturing cost of $0.18 per watt, beating previous benchmarks.",REAL
709,"Doctors confirm drinking bleach cures coronavirus in 3 days, media silences truth (Part 209)",A network of brave physicians claim that diluted bleach solution taken orally eliminates the COVID virus completely. The deep state is suppressing this $2 cure to force expensive vaccines on us.,FAKE
248,International trade agreement reduces tariffs on agricultural goods — Updated Report 248,"Trade partners finalized terms reducing duties on wheat, soybeans, and dairy by an average of 18%, effective upon parliamentary ratification.",REAL
484,International climate summit reaches agreement on carbon reduction targets — Updated Report 484,Representatives from 192 nations signed a binding framework at COP31 committing to 45% emissions reductions by 2035 compared to 2005 baseline levels.,REAL
590,"Voting machines in all swing states connected to Venezuela servers, flipped millions of votes (Part 90)",Cybersecurity experts we cannot name have traced the election night anomalies directly to servers in Caracas. This mathematically impossible vote pattern is 100% proof of mass fraud!,FAKE
584,"Doctors confirm drinking bleach cures coronavirus in 3 days, media silences truth (Part 84)",A network of brave physicians claim that diluted bleach solution taken orally eliminates the COVID virus completely. The deep state is suppressing this $2 cure to force expensive vaccines on us.,FAKE
135,Breakthrough gene therapy shows promise for treating sickle cell disease — Updated Report 135,Clinical trials at Johns Hopkins demonstrated 89% reduction in painful crises among patients receiving the CRISPR-based gene editing treatment.,REAL
753,Secret cure for cancer suppressed by Big Pharma for 50 years finally leaked (Part 253),A natural compound found in apricot seeds was proven in 1972 to cure ALL cancers but pharmaceutical companies paid off the FDA to keep it hidden. This $3 remedy they don't want you to know about!,FAKE
219,Global food prices stabilize after two years of supply chain disruptions — Updated Report 219,"UN FAO food price index showed a 14-month consecutive decline, with wheat and vegetable oil prices returning to pre-pandemic levels.",REAL
767,Pope Francis revealed to be undercover Satanist running occult rituals in Vatican (Part 267),A former Swiss Guard has gone into hiding after leaking proof of Satanic ceremonies in secret Vatican chambers attended by senior cardinals. The globalist church is their vehicle for world domination.,FAKE
685,Scientists admit climate change is completely fabricated hoax for carbon taxes (Part 185),An internal email chain from IPCC scientists caught red-handed admitting they falsified temperature data to justify the Green New Deal wealth transfer scheme. Follow the money!,FAKE
285,Breakthrough gene therapy shows promise for treating sickle cell disease — Updated Report 285,Clinical trials at Johns Hopkins demonstrated 89% reduction in painful crises among patients receiving the CRISPR-based gene editing treatment.,REAL
243,Pharmaceutical company receives FDA approval for new Alzheimer's drug — Updated Report 243,The agency granted approval for lecanemab after trials showed 27% slower cognitive decline over 18 months in early-stage Alzheimer's patients.,REAL
526,"EXPOSED: COVID vaccine contains microchips that activate with 5G signals, doctors confirm (Part 26)",Brave doctors risking their careers have come forward with bombshell proof that mRNA vaccines contain nano-microchips that sync with 5G towers to track your location and thoughts in real time.,FAKE
728,Secret cure for cancer suppressed by Big Pharma for 50 years finally leaked (Part 228),A natural compound found in apricot seeds was proven in 1972 to cure ALL cancers but pharmaceutical companies paid off the FDA to keep it hidden. This $3 remedy they don't want you to know about!,FAKE
338,Sports team wins championship after 15-year drought — Updated Report 338,"The city celebrated as the home team secured the title with a 4-2 series victory, ending the longest championship drought in franchise history.",REAL
872,Mega-earthquake to destroy California on Tuesday confirmed by USGS geologists (Part 372),Geologists who are afraid to speak publicly confirm a 9.8 magnitude quake will devastate the entire West Coast this Tuesday. The government is hiding this to prevent panic. Evacuate NOW!,FAKE
69,Global food prices stabilize after two years of supply chain disruptions — Updated Report 69,"UN FAO food price index showed a 14-month consecutive decline, with wheat and vegetable oil prices returning to pre-pandemic levels.",REAL
874,"George Floyd alive in witness protection program, death was staged psyop (Part 374)",An investigative reporter has obtained records from the Marshals Service proving the incident was staged to trigger race riots and justify defunding police as part of the socialist takeover agenda.,FAKE
60,Breakthrough gene therapy shows promise for treating sickle cell disease — Updated Report 60,Clinical trials at Johns Hopkins demonstrated 89% reduction in painful crises among patients receiving the CRISPR-based gene editing treatment.,REAL
646,Democrats plan to confiscate all guns by end of next month under secret executive order (Part 146),A source inside the White House reveals Biden has signed a secret executive order that will activate FEMA gun confiscation teams nationwide. Stockpile ammunition and share this before it's taken down!,FAKE
724,"George Floyd alive in witness protection program, death was staged psyop (Part 224)",An investigative reporter has obtained records from the Marshals Service proving the incident was staged to trigger race riots and justify defunding police as part of the socialist takeover agenda.,FAKE
72,Central bank releases annual financial stability report — Updated Report 72,The report highlighted improved bank capital ratios and declining non-performing loan rates but flagged commercial real estate as an emerging risk sector.,REAL
7,New study links Mediterranean diet to reduced cardiovascular disease risk,"A 12-year longitudinal study of 45,000 participants published in NEJM found 28% lower heart disease incidence among strict Mediterranean diet adherents.",REAL
967,Pope Francis revealed to be undercover Satanist running occult rituals in Vatican (Part 467),A former Swiss Guard has gone into hiding after leaking proof of Satanic ceremonies in secret Vatican chambers attended by senior cardinals. The globalist church is their vehicle for world domination.,FAKE
734,"Doctors confirm drinking bleach cures coronavirus in 3 days, media silences truth (Part 234)",A network of brave physicians claim that diluted bleach solution taken orally eliminates the COVID virus completely. The deep state is suppressing this $2 cure to force expensive vaccines on us.,FAKE
235,Breakthrough gene therapy shows promise for treating sickle cell disease — Updated Report 235,Clinical trials at Johns Hopkins demonstrated 89% reduction in painful crises among patients receiving the CRISPR-based gene editing treatment.,REAL
567,Pope Francis revealed to be undercover Satanist running occult rituals in Vatican (Part 67),A former Swiss Guard has gone into hiding after leaking proof of Satanic ceremonies in secret Vatican chambers attended by senior cardinals. The globalist church is their vehicle for world domination.,FAKE
602,"Alien spacecraft lands in Nevada desert, military cover-up exposed (Part 102)",Multiple eyewitnesses report seeing a triangular craft land near Area 51. Our source inside the Pentagon says extraterrestrials have been living underground since 1952. Media blackout in effect!,FAKE
21,Renewable energy now accounts for 30% of US electricity generation,"EIA monthly report confirms wind, solar, and hydro collectively exceeded natural gas generation for the first time in April on a monthly basis.",REAL
346,Renewable energy now accounts for 30% of US electricity generation — Updated Report 346,"EIA monthly report confirms wind, solar, and hydro collectively exceeded natural gas generation for the first time in April on a monthly basis.",REAL
827,"Alien spacecraft lands in Nevada desert, military cover-up exposed (Part 327)",Multiple eyewitnesses report seeing a triangular craft land near Area 51. Our source inside the Pentagon says extraterrestrials have been living underground since 1952. Media blackout in effect!,FAKE
230,Supreme Court rules on landmark environmental protection case — Updated Report 230,The court issued a 6-3 decision upholding EPA authority to regulate greenhouse gas emissions from power plants under the Clean Air Act.,REAL
253,WHO reports global malaria cases decline for second consecutive year — Updated Report 253,"The World Health Organization published data showing a 6.8% reduction in malaria incidence across sub-Saharan Africa, attributed to expanded mosquito net distribution.",REAL
123,International trade agreement reduces tariffs on agricultural goods — Updated Report 123,"Trade partners finalized terms reducing duties on wheat, soybeans, and dairy by an average of 18%, effective upon parliamentary ratification.",REAL
462,City council approves new affordable housing development downtown — Updated Report 462,"The 400-unit mixed-income project received unanimous approval, with 30% units reserved for households earning below 60% of area median income.",REAL
529,"Obama born in Kenya confirmed by new documents, sources say (Part 29)",Leaked birth records reportedly obtained by investigators definitively prove what many have suspected. Multiple unnamed officials confirm the documents are authentic. The mainstream media won't cover this!,FAKE
448,International trade agreement reduces tariffs on agricultural goods — Updated Report 448,"Trade partners finalized terms reducing duties on wheat, soybeans, and dairy by an average of 18%, effective upon parliamentary ratification.",REAL
831,Military insiders say Biden was secretly replaced by a clone in 2020 (Part 331),High-level Pentagon sources who cannot be named for their safety confirm the president is actually an AI-controlled body double. Behavioral analysts spot 12 discrepancies proving this shocking truth.,FAKE
971,Democrats plan to confiscate all guns by end of next month under secret executive order (Part 471),A source inside the White House reveals Biden has signed a secret executive order that will activate FEMA gun confiscation teams nationwide. Stockpile ammunition and share this before it's taken down!,FAKE
687,"Mexican cartel members secretly voting in all 50 states, audit shows (Part 187)",An election integrity group claims to have proof that millions of undocumented cartel members are registered to vote in swing states. The mainstream media is actively covering this up for Democrats.,FAKE
844,"NASA caught photoshopping moon landing footage, insider spills the beans (Part 344)",A retired photo technician from the 1960s claims the entire Apollo program was staged in a New Mexico warehouse by Stanley Kubrick. Newly enhanced photographs show lighting inconsistencies proving the hoax.,FAKE
319,Global food prices stabilize after two years of supply chain disruptions — Updated Report 319,"UN FAO food price index showed a 14-month consecutive decline, with wheat and vegetable oil prices returning to pre-pandemic levels.",REAL
730,George Soros funding antifa terrorism with $50 billion to overthrow America (Part 230),Financial records our investigative team obtained show the billionaire globalist transferring massive funds directly to antifa cell leaders in 47 cities. Democrats are complicit in this scheme!,FAKE
205,Supreme Court rules on landmark environmental protection case — Updated Report 205,The court issued a 6-3 decision upholding EPA authority to regulate greenhouse gas emissions from power plants under the Clean Air Act.,REAL
706,Military insiders say Biden was secretly replaced by a clone in 2020 (Part 206),High-level Pentagon sources who cannot be named for their safety confirm the president is actually an AI-controlled body double. Behavioral analysts spot 12 discrepancies proving this shocking truth.,FAKE
938,Chemtrails confirmed: government admits spraying population with behavior-modifying toxins (Part 438),A FOIA request supposedly reveals that aircraft contrails contain lithium and other psychoactive substances designed to make populations docile and obedient to government control programs.,FAKE
784,"Doctors confirm drinking bleach cures coronavirus in 3 days, media silences truth (Part 284)",A network of brave physicians claim that diluted bleach solution taken orally eliminates the COVID virus completely. The deep state is suppressing this $2 cure to force expensive vaccines on us.,FAKE
866,FDA secretly approves deadly experimental drug that causes spontaneous human combustion (Part 366),"Suppressed FDA internal reports show a common blood pressure medication has triggered over 1,000 cases of spontaneous combustion but the pharmaceutical lobby keeps it on shelves for profits.",FAKE
433,Government announces $2 billion infrastructure investment for rural broadband — Updated Report 433,"The bipartisan infrastructure law allocation will connect an estimated 4 million rural households to high-speed internet by 2026, officials confirmed.",REAL
621,Democrats plan to confiscate all guns by end of next month under secret executive order (Part 121),A source inside the White House reveals Biden has signed a secret executive order that will activate FEMA gun confiscation teams nationwide. Stockpile ammunition and share this before it's taken down!,FAKE
540,"Voting machines in all swing states connected to Venezuela servers, flipped millions of votes (Part 40)",Cybersecurity experts we cannot name have traced the election night anomalies directly to servers in Caracas. This mathematically impossible vote pattern is 100% proof of mass fraud!,FAKE
855,George Soros funding antifa terrorism with $50 billion to overthrow America (Part 355),Financial records our investigative team obtained show the billionaire globalist transferring massive funds directly to antifa cell leaders in 47 cities. Democrats are complicit in this scheme!,FAKE
169,Global food prices stabilize after two years of supply chain disruptions — Updated Report 169,"UN FAO food price index showed a 14-month consecutive decline, with wheat and vegetable oil prices returning to pre-pandemic levels.",REAL
562,"Mexican cartel members secretly voting in all 50 states, audit shows (Part 62)",An election integrity group claims to have proof that millions of undocumented cartel members are registered to vote in swing states. The mainstream media is actively covering this up for Democrats.,FAKE
486,Major bank reports quarterly earnings beat expectations by 12% — Updated Report 486,"The financial institution reported $4.2 billion net income for Q3, driven by strong investment banking fees and consumer lending growth.",REAL
675,"BREAKING: Government secretly putting mind-control chemicals in tap water, whistleblower reveals (Part 175)",A former janitor at the CDC claims he discovered documents proving fluoride is actually a mind-control agent. The globalist elite have been dosing us for decades! Share before they delete this!,FAKE
131,"Unemployment rate falls to 3.7% as economy adds 250,000 jobs — Updated Report 131","The Bureau of Labor Statistics monthly report showed broad job gains across healthcare, technology, and manufacturing sectors last month.",REAL
128,WHO reports global malaria cases decline for second consecutive year — Updated Report 128,"The World Health Organization published data showing a 6.8% reduction in malaria incidence across sub-Saharan Africa, attributed to expanded mosquito net distribution.",REAL
545,5G towers confirmed to spread COVID-19 through electromagnetic frequency modulation (Part 45),An engineer who worked on 5G infrastructure reveals the towers are programmed to emit specific frequencies that activate the COVID virus in people with nano-particles from vaccines. Connect the dots!,FAKE
70,Children's literacy rates improve following national reading initiative — Updated Report 70,Department of Education data shows third-grade reading proficiency rose 4.2 percentage points nationwide after the 3-year phonics-based curriculum rollout.,REAL
497,Central bank releases annual financial stability report — Updated Report 497,The report highlighted improved bank capital ratios and declining non-performing loan rates but flagged commercial real estate as an emerging risk sector.,REAL
749,"George Floyd alive in witness protection program, death was staged psyop (Part 249)",An investigative reporter has obtained records from the Marshals Service proving the incident was staged to trigger race riots and justify defunding police as part of the socialist takeover agenda.,FAKE
87,City council approves new affordable housing development downtown — Updated Report 87,"The 400-unit mixed-income project received unanimous approval, with 30% units reserved for households earning below 60% of area median income.",REAL
933,Hollywood elites caught running child trafficking ring in pizza restaurant basement (Part 433),Our investigators have confirmed through anonymous sources that a major pizza chain is a front for a massive trafficking operation patronized by A-list celebrities and powerful politicians.,FAKE
865,"Voting machines in all swing states connected to Venezuela servers, flipped millions of votes (Part 365)",Cybersecurity experts we cannot name have traced the election night anomalies directly to servers in Caracas. This mathematically impossible vote pattern is 100% proof of mass fraud!,FAKE
246,Renewable energy now accounts for 30% of US electricity generation — Updated Report 246,"EIA monthly report confirms wind, solar, and hydro collectively exceeded natural gas generation for the first time in April on a monthly basis.",REAL
59,International climate summit reaches agreement on carbon reduction targets — Updated Report 59,Representatives from 192 nations signed a binding framework at COP31 committing to 45% emissions reductions by 2035 compared to 2005 baseline levels.,REAL
245,Children's literacy rates improve following national reading initiative — Updated Report 245,Department of Education data shows third-grade reading proficiency rose 4.2 percentage points nationwide after the 3-year phonics-based curriculum rollout.,REAL
314,"Tech company announces 5,000 new jobs in regional headquarters expansion — Updated Report 314","Following a $1.2 billion campus investment approved last spring, the firm confirmed hiring plans spanning software engineering, data science, and operations roles.",REAL
371,Renewable energy now accounts for 30% of US electricity generation — Updated Report 371,"EIA monthly report confirms wind, solar, and hydro collectively exceeded natural gas generation for the first time in April on a monthly basis.",REAL
808,Hollywood elites caught running child trafficking ring in pizza restaurant basement (Part 308),Our investigators have confirmed through anonymous sources that a major pizza chain is a front for a massive trafficking operation patronized by A-list celebrities and powerful politicians.,FAKE
19,Global food prices stabilize after two years of supply chain disruptions,"UN FAO food price index showed a 14-month consecutive decline, with wheat and vegetable oil prices returning to pre-pandemic levels.",REAL
500,"BREAKING: Government secretly putting mind-control chemicals in tap water, whistleblower reveals",A former janitor at the CDC claims he discovered documents proving fluoride is actually a mind-control agent. The globalist elite have been dosing us for decades! Share before they delete this!,FAKE
331,"Unemployment rate falls to 3.7% as economy adds 250,000 jobs — Updated Report 331","The Bureau of Labor Statistics monthly report showed broad job gains across healthcare, technology, and manufacturing sectors last month.",REAL
613,Chemtrails confirmed: government admits spraying population with behavior-modifying toxins (Part 113),A FOIA request supposedly reveals that aircraft contrails contain lithium and other psychoactive substances designed to make populations docile and obedient to government control programs.,FAKE
0,Scientists discover new antibiotic that could fight drug-resistant bacteria,"Researchers at MIT have identified a novel antibiotic compound using machine learning, offering hope against MRSA and other resistant strains in peer-reviewed trials.",REAL
543,Bill Gates patents sun-blocking technology to cause global famine and mass death (Part 43),Microsoft's founder has obtained patents for stratospheric aerosol injection designed to block sunlight and crash global food production as part of his population reduction agenda. Boycott his products!,FAKE
552,"Alien spacecraft lands in Nevada desert, military cover-up exposed (Part 52)",Multiple eyewitnesses report seeing a triangular craft land near Area 51. Our source inside the Pentagon says extraterrestrials have been living underground since 1952. Media blackout in effect!,FAKE
165,New public health guidelines recommend updated COVID booster schedule — Updated Report 165,"The CDC advisory committee voted to recommend annual autumn boosters for adults 65 and older, aligned with updated XBB.1.5-targeting formulations.",REAL
798,"Fluoride in water lowering IQ to make population easier to control, Harvard study confirms (Part 298)","A Harvard meta-analysis was buried because it proved fluoridated water lowers children's IQ by 7 points on average, part of a long-running depopulation and population management eugenics program.",FAKE
382,New study links Mediterranean diet to reduced cardiovascular disease risk — Updated Report 382,"A 12-year longitudinal study of 45,000 participants published in NEJM found 28% lower heart disease incidence among strict Mediterranean diet adherents.",REAL
834,"Doctors confirm drinking bleach cures coronavirus in 3 days, media silences truth (Part 334)",A network of brave physicians claim that diluted bleach solution taken orally eliminates the COVID virus completely. The deep state is suppressing this $2 cure to force expensive vaccines on us.,FAKE
973,"Fluoride in water lowering IQ to make population easier to control, Harvard study confirms (Part 473)","A Harvard meta-analysis was buried because it proved fluoridated water lowers children's IQ by 7 points on average, part of a long-running depopulation and population management eugenics program.",FAKE
894,"NASA caught photoshopping moon landing footage, insider spills the beans (Part 394)",A retired photo technician from the 1960s claims the entire Apollo program was staged in a New Mexico warehouse by Stanley Kubrick. Newly enhanced photographs show lighting inconsistencies proving the hoax.,FAKE
796,Democrats plan to confiscate all guns by end of next month under secret executive order (Part 296),A source inside the White House reveals Biden has signed a secret executive order that will activate FEMA gun confiscation teams nationwide. Stockpile ammunition and share this before it's taken down!,FAKE
999,"George Floyd alive in witness protection program, death was staged psyop (Part 499)",An investigative reporter has obtained records from the Marshals Service proving the incident was staged to trigger race riots and justify defunding police as part of the socialist takeover agenda.,FAKE
305,Supreme Court rules on landmark environmental protection case — Updated Report 305,The court issued a 6-3 decision upholding EPA authority to regulate greenhouse gas emissions from power plants under the Clean Air Act.,REAL
640,"Voting machines in all swing states connected to Venezuela servers, flipped millions of votes (Part 140)",Cybersecurity experts we cannot name have traced the election night anomalies directly to servers in Caracas. This mathematically impossible vote pattern is 100% proof of mass fraud!,FAKE
108,Government announces $2 billion infrastructure investment for rural broadband — Updated Report 108,"The bipartisan infrastructure law allocation will connect an estimated 4 million rural households to high-speed internet by 2026, officials confirmed.",REAL
519,"NASA caught photoshopping moon landing footage, insider spills the beans",A retired photo technician from the 1960s claims the entire Apollo program was staged in a New Mexico warehouse by Stanley Kubrick. Newly enhanced photographs show lighting inconsistencies proving the hoax.,FAKE
182,New study links Mediterranean diet to reduced cardiovascular disease risk — Updated Report 182,"A 12-year longitudinal study of 45,000 participants published in NEJM found 28% lower heart disease incidence among strict Mediterranean diet adherents.",REAL
780,George Soros funding antifa terrorism with $50 billion to overthrow America (Part 280),Financial records our investigative team obtained show the billionaire globalist transferring massive funds directly to antifa cell leaders in 47 cities. Democrats are complicit in this scheme!,FAKE
512,"Mexican cartel members secretly voting in all 50 states, audit shows",An election integrity group claims to have proof that millions of undocumented cartel members are registered to vote in swing states. The mainstream media is actively covering this up for Democrats.,FAKE
930,George Soros funding antifa terrorism with $50 billion to overthrow America (Part 430),Financial records our investigative team obtained show the billionaire globalist transferring massive funds directly to antifa cell leaders in 47 cities. Democrats are complicit in this scheme!,FAKE
736,Deep state planning false flag attack to declare martial law before election (Part 236),Multiple whistleblowers inside DHS say operatives are planning a staged terror attack to cancel elections and declare emergency rule. They tried this in 2016 too — share this warning now!,FAKE
739,Elon Musk and Jeff Bezos part of secret lizard people society exposed by insider (Part 239),A former Bilderberg meeting attendee claims the world's wealthiest billionaires are actually reptilian shapeshifters who feed on human energy. Photographs analyzed by experts reveal telltale signs.,FAKE
3,WHO reports global malaria cases decline for second consecutive year,"The World Health Organization published data showing a 6.8% reduction in malaria incidence across sub-Saharan Africa, attributed to expanded mosquito net distribution.",REAL
908,Hollywood elites caught running child trafficking ring in pizza restaurant basement (Part 408),Our investigators have confirmed through anonymous sources that a major pizza chain is a front for a massive trafficking operation patronized by A-list celebrities and powerful politicians.,FAKE
161,Major bank reports quarterly earnings beat expectations by 12% — Updated Report 161,"The financial institution reported $4.2 billion net income for Q3, driven by strong investment banking fees and consumer lending growth.",REAL
445,Children's literacy rates improve following national reading initiative — Updated Report 445,Department of Education data shows third-grade reading proficiency rose 4.2 percentage points nationwide after the 3-year phonics-based curriculum rollout.,REAL
931,Military insiders say Biden was secretly replaced by a clone in 2020 (Part 431),High-level Pentagon sources who cannot be named for their safety confirm the president is actually an AI-controlled body double. Behavioral analysts spot 12 discrepancies proving this shocking truth.,FAKE
998,"Fluoride in water lowering IQ to make population easier to control, Harvard study confirms (Part 498)","A Harvard meta-analysis was buried because it proved fluoridated water lowers children's IQ by 7 points on average, part of a long-running depopulation and population management eugenics program.",FAKE
955,George Soros funding antifa terrorism with $50 billion to overthrow America (Part 455),Financial records our investigative team obtained show the billionaire globalist transferring massive funds directly to antifa cell leaders in 47 cities. Democrats are complicit in this scheme!,FAKE
656,Military insiders say Biden was secretly replaced by a clone in 2020 (Part 156),High-level Pentagon sources who cannot be named for their safety confirm the president is actually an AI-controlled body double. Behavioral analysts spot 12 discrepancies proving this shocking truth.,FAKE
787,"Mexican cartel members secretly voting in all 50 states, audit shows (Part 287)",An election integrity group claims to have proof that millions of undocumented cartel members are registered to vote in swing states. The mainstream media is actively covering this up for Democrats.,FAKE
899,"George Floyd alive in witness protection program, death was staged psyop (Part 399)",An investigative reporter has obtained records from the Marshals Service proving the incident was staged to trigger race riots and justify defunding police as part of the socialist takeover agenda.,FAKE
768,Bill Gates patents sun-blocking technology to cause global famine and mass death (Part 268),Microsoft's founder has obtained patents for stratospheric aerosol injection designed to block sunlight and crash global food production as part of his population reduction agenda. Boycott his products!,FAKE
936,Deep state planning false flag attack to declare martial law before election (Part 436),Multiple whistleblowers inside DHS say operatives are planning a staged terror attack to cancel elections and declare emergency rule. They tried this in 2016 too — share this warning now!,FAKE
698,"Fluoride in water lowering IQ to make population easier to control, Harvard study confirms (Part 198)","A Harvard meta-analysis was buried because it proved fluoridated water lowers children's IQ by 7 points on average, part of a long-running depopulation and population management eugenics program.",FAKE
117,Local elections see record voter turnout in midterm cycle — Updated Report 117,"Election officials reported 58% participation in Tuesday's municipal contests, the highest rate in 24 years for an off-year election.",REAL
738,Chemtrails confirmed: government admits spraying population with behavior-modifying toxins (Part 238),A FOIA request supposedly reveals that aircraft contrails contain lithium and other psychoactive substances designed to make populations docile and obedient to government control programs.,FAKE
830,George Soros funding antifa terrorism with $50 billion to overthrow America (Part 330),Financial records our investigative team obtained show the billionaire globalist transferring massive funds directly to antifa cell leaders in 47 cities. Democrats are complicit in this scheme!,FAKE
11,Major bank reports quarterly earnings beat expectations by 12%,"The financial institution reported $4.2 billion net income for Q3, driven by strong investment banking fees and consumer lending growth.",REAL
566,FDA secretly approves deadly experimental drug that causes spontaneous human combustion (Part 66),"Suppressed FDA internal reports show a common blood pressure medication has triggered over 1,000 cases of spontaneous combustion but the pharmaceutical lobby keeps it on shelves for profits.",FAKE
257,New study links Mediterranean diet to reduced cardiovascular disease risk — Updated Report 257,"A 12-year longitudinal study of 45,000 participants published in NEJM found 28% lower heart disease incidence among strict Mediterranean diet adherents.",REAL
541,FDA secretly approves deadly experimental drug that causes spontaneous human combustion (Part 41),"Suppressed FDA internal reports show a common blood pressure medication has triggered over 1,000 cases of spontaneous combustion but the pharmaceutical lobby keeps it on shelves for profits.",FAKE
479,Electric vehicle sales surpass 10 million units globally in 2023 — Updated Report 479,"International Energy Agency data confirms EV sales reached 10.5 million units last year, representing 14% of all new car purchases worldwide.",REAL
963,Chemtrails confirmed: government admits spraying population with behavior-modifying toxins (Part 463),A FOIA request supposedly reveals that aircraft contrails contain lithium and other psychoactive substances designed to make populations docile and obedient to government control programs.,FAKE
390,New public health guidelines recommend updated COVID booster schedule — Updated Report 390,"The CDC advisory committee voted to recommend annual autumn boosters for adults 65 and older, aligned with updated XBB.1.5-targeting formulations.",REAL
394,Global food prices stabilize after two years of supply chain disruptions — Updated Report 394,"UN FAO food price index showed a 14-month consecutive decline, with wheat and vegetable oil prices returning to pre-pandemic levels.",REAL
65,New public health guidelines recommend updated COVID booster schedule — Updated Report 65,"The CDC advisory committee voted to recommend annual autumn boosters for adults 65 and older, aligned with updated XBB.1.5-targeting formulations.",REAL
610,Scientists admit climate change is completely fabricated hoax for carbon taxes (Part 110),An internal email chain from IPCC scientists caught red-handed admitting they falsified temperature data to justify the Green New Deal wealth transfer scheme. Follow the money!,FAKE
956,Military insiders say Biden was secretly replaced by a clone in 2020 (Part 456),High-level Pentagon sources who cannot be named for their safety confirm the president is actually an AI-controlled body double. Behavioral analysts spot 12 discrepancies proving this shocking truth.,FAKE
696,Democrats plan to confiscate all guns by end of next month under secret executive order (Part 196),A source inside the White House reveals Biden has signed a secret executive order that will activate FEMA gun confiscation teams nationwide. Stockpile ammunition and share this before it's taken down!,FAKE
811,Deep state planning false flag attack to declare martial law before election (Part 311),Multiple whistleblowers inside DHS say operatives are planning a staged terror attack to cancel elections and declare emergency rule. They tried this in 2016 too — share this warning now!,FAKE
958,Hollywood elites caught running child trafficking ring in pizza restaurant basement (Part 458),Our investigators have confirmed through anonymous sources that a major pizza chain is a front for a massive trafficking operation patronized by A-list celebrities and powerful politicians.,FAKE
642,Pope Francis revealed to be undercover Satanist running occult rituals in Vatican (Part 142),A former Swiss Guard has gone into hiding after leaking proof of Satanic ceremonies in secret Vatican chambers attended by senior cardinals. The globalist church is their vehicle for world domination.,FAKE
156,"Unemployment rate falls to 3.7% as economy adds 250,000 jobs — Updated Report 156","The Bureau of Labor Statistics monthly report showed broad job gains across healthcare, technology, and manufacturing sectors last month.",REAL
112,City council approves new affordable housing development downtown — Updated Report 112,"The 400-unit mixed-income project received unanimous approval, with 30% units reserved for households earning below 60% of area median income.",REAL
48,International trade agreement reduces tariffs on agricultural goods — Updated Report 48,"Trade partners finalized terms reducing duties on wheat, soybeans, and dairy by an average of 18%, effective upon parliamentary ratification.",REAL
773,"Fluoride in water lowering IQ to make population easier to control, Harvard study confirms (Part 273)","A Harvard meta-analysis was buried because it proved fluoridated water lowers children's IQ by 7 points on average, part of a long-running depopulation and population management eugenics program.",FAKE
93,Pharmaceutical company receives FDA approval for new Alzheimer's drug — Updated Report 93,The agency granted approval for lecanemab after trials showed 27% slower cognitive decline over 18 months in early-stage Alzheimer's patients.,REAL
505,George Soros funding antifa terrorism with $50 billion to overthrow America,Financial records our investigative team obtained show the billionaire globalist transferring massive funds directly to antifa cell leaders in 47 cities. Democrats are complicit in this scheme!,FAKE
521,Democrats plan to confiscate all guns by end of next month under secret executive order,A source inside the White House reveals Biden has signed a secret executive order that will activate FEMA gun confiscation teams nationwide. Stockpile ammunition and share this before it's taken down!,FAKE
141,University researchers develop cheaper solar cell with record efficiency — Updated Report 141,"Perovskite-silicon tandem cells achieved 33.2% efficiency at a projected manufacturing cost of $0.18 per watt, beating previous benchmarks.",REAL
881,Military insiders say Biden was secretly replaced by a clone in 2020 (Part 381),High-level Pentagon sources who cannot be named for their safety confirm the president is actually an AI-controlled body double. Behavioral analysts spot 12 discrepancies proving this shocking truth.,FAKE
925,"BREAKING: Government secretly putting mind-control chemicals in tap water, whistleblower reveals (Part 425)",A former janitor at the CDC claims he discovered documents proving fluoride is actually a mind-control agent. The globalist elite have been dosing us for decades! Share before they delete this!,FAKE
408,Government announces $2 billion infrastructure investment for rural broadband — Updated Report 408,"The bipartisan infrastructure law allocation will connect an estimated 4 million rural households to high-speed internet by 2026, officials confirmed.",REAL
597,Mega-earthquake to destroy California on Tuesday confirmed by USGS geologists (Part 97),Geologists who are afraid to speak publicly confirm a 9.8 magnitude quake will devastate the entire West Coast this Tuesday. The government is hiding this to prevent panic. Evacuate NOW!,FAKE
438,Sports team wins championship after 15-year drought — Updated Report 438,"The city celebrated as the home team secured the title with a 4-2 series victory, ending the longest championship drought in franchise history.",REAL
598,"Fluoride in water lowering IQ to make population easier to control, Harvard study confirms (Part 98)","A Harvard meta-analysis was buried because it proved fluoridated water lowers children's IQ by 7 points on average, part of a long-running depopulation and population management eugenics program.",FAKE
764,Elon Musk and Jeff Bezos part of secret lizard people society exposed by insider (Part 264),A former Bilderberg meeting attendee claims the world's wealthiest billionaires are actually reptilian shapeshifters who feed on human energy. Photographs analyzed by experts reveal telltale signs.,FAKE
269,Global food prices stabilize after two years of supply chain disruptions — Updated Report 269,"UN FAO food price index showed a 14-month consecutive decline, with wheat and vegetable oil prices returning to pre-pandemic levels.",REAL
551,"EXPOSED: COVID vaccine contains microchips that activate with 5G signals, doctors confirm (Part 51)",Brave doctors risking their careers have come forward with bombshell proof that mRNA vaccines contain nano-microchips that sync with 5G towers to track your location and thoughts in real time.,FAKE
974,"George Floyd alive in witness protection program, death was staged psyop (Part 474)",An investigative reporter has obtained records from the Marshals Service proving the incident was staged to trigger race riots and justify defunding police as part of the socialist takeover agenda.,FAKE
762,"Mexican cartel members secretly voting in all 50 states, audit shows (Part 262)",An election integrity group claims to have proof that millions of undocumented cartel members are registered to vote in swing states. The mainstream media is actively covering this up for Democrats.,FAKE
252,NASA's James Webb Telescope captures first images of distant exoplanet atmosphere — Updated Report 252,"The JWST detected carbon dioxide signatures in WASP-39b's atmosphere 700 light-years away, marking a breakthrough in exoplanet atmospheric characterization.",REAL
992,Pope Francis revealed to be undercover Satanist running occult rituals in Vatican (Part 492),A former Swiss Guard has gone into hiding after leaking proof of Satanic ceremonies in secret Vatican chambers attended by senior cardinals. The globalist church is their vehicle for world domination.,FAKE
271,Renewable energy now accounts for 30% of US electricity generation — Updated Report 271,"EIA monthly report confirms wind, solar, and hydro collectively exceeded natural gas generation for the first time in April on a monthly basis.",REAL
146,Renewable energy now accounts for 30% of US electricity generation — Updated Report 146,"EIA monthly report confirms wind, solar, and hydro collectively exceeded natural gas generation for the first time in April on a monthly basis.",REAL
469,Global food prices stabilize after two years of supply chain disruptions — Updated Report 469,"UN FAO food price index showed a 14-month consecutive decline, with wheat and vegetable oil prices returning to pre-pandemic levels.",REAL
658,Hollywood elites caught running child trafficking ring in pizza restaurant basement (Part 158),Our investigators have confirmed through anonymous sources that a major pizza chain is a front for a massive trafficking operation patronized by A-list celebrities and powerful politicians.,FAKE
405,Supreme Court rules on landmark environmental protection case — Updated Report 405,The court issued a 6-3 decision upholding EPA authority to regulate greenhouse gas emissions from power plants under the Clean Air Act.,REAL
511,Deep state planning false flag attack to declare martial law before election,Multiple whistleblowers inside DHS say operatives are planning a staged terror attack to cancel elections and declare emergency rule. They tried this in 2016 too — share this warning now!,FAKE
671,Democrats plan to confiscate all guns by end of next month under secret executive order (Part 171),A source inside the White House reveals Biden has signed a secret executive order that will activate FEMA gun confiscation teams nationwide. Stockpile ammunition and share this before it's taken down!,FAKE
217,Local elections see record voter turnout in midterm cycle — Updated Report 217,"Election officials reported 58% participation in Tuesday's municipal contests, the highest rate in 24 years for an off-year election.",REAL
322,Central bank releases annual financial stability report — Updated Report 322,The report highlighted improved bank capital ratios and declining non-performing loan rates but flagged commercial real estate as an emerging risk sector.,REAL
735,Scientists admit climate change is completely fabricated hoax for carbon taxes (Part 235),An internal email chain from IPCC scientists caught red-handed admitting they falsified temperature data to justify the Green New Deal wealth transfer scheme. Follow the money!,FAKE
580,George Soros funding antifa terrorism with $50 billion to overthrow America (Part 80),Financial records our investigative team obtained show the billionaire globalist transferring massive funds directly to antifa cell leaders in 47 cities. Democrats are complicit in this scheme!,FAKE
216,University researchers develop cheaper solar cell with record efficiency — Updated Report 216,"Perovskite-silicon tandem cells achieved 33.2% efficiency at a projected manufacturing cost of $0.18 per watt, beating previous benchmarks.",REAL
67,Local elections see record voter turnout in midterm cycle — Updated Report 67,"Election officials reported 58% participation in Tuesday's municipal contests, the highest rate in 24 years for an off-year election.",REAL
274,Hospital system adopts AI tool to reduce diagnostic errors in radiology — Updated Report 274,A 12-hospital network implemented deep learning software that reduced missed findings in chest CT scans by 31% in a prospective clinical validation study.,REAL
410,Breakthrough gene therapy shows promise for treating sickle cell disease — Updated Report 410,Clinical trials at Johns Hopkins demonstrated 89% reduction in painful crises among patients receiving the CRISPR-based gene editing treatment.,REAL
323,International trade agreement reduces tariffs on agricultural goods — Updated Report 323,"Trade partners finalized terms reducing duties on wheat, soybeans, and dairy by an average of 18%, effective upon parliamentary ratification.",REAL
824,"George Floyd alive in witness protection program, death was staged psyop (Part 324)",An investigative reporter has obtained records from the Marshals Service proving the incident was staged to trigger race riots and justify defunding police as part of the socialist takeover agenda.,FAKE
982,New world order documents reveal plan to reduce global population by 90% (Part 482),"Leaked UN internal memos outline Agenda 2030's true purpose: eliminating 7 billion people through vaccines, chemtrails, and engineered famine. The elite will use climate change as cover.",FAKE
841,FDA secretly approves deadly experimental drug that causes spontaneous human combustion (Part 341),"Suppressed FDA internal reports show a common blood pressure medication has triggered over 1,000 cases of spontaneous combustion but the pharmaceutical lobby keeps it on shelves for profits.",FAKE
234,International climate summit reaches agreement on carbon reduction targets — Updated Report 234,Representatives from 192 nations signed a binding framework at COP31 committing to 45% emissions reductions by 2035 compared to 2005 baseline levels.,REAL
57,New study links Mediterranean diet to reduced cardiovascular disease risk — Updated Report 57,"A 12-year longitudinal study of 45,000 participants published in NEJM found 28% lower heart disease incidence among strict Mediterranean diet adherents.",REAL
794,"NASA caught photoshopping moon landing footage, insider spills the beans (Part 294)",A retired photo technician from the 1960s claims the entire Apollo program was staged in a New Mexico warehouse by Stanley Kubrick. Newly enhanced photographs show lighting inconsistencies proving the hoax.,FAKE
786,Deep state planning false flag attack to declare martial law before election (Part 286),Multiple whistleblowers inside DHS say operatives are planning a staged terror attack to cancel elections and declare emergency rule. They tried this in 2016 too — share this warning now!,FAKE
863,Chemtrails confirmed: government admits spraying population with behavior-modifying toxins (Part 363),A FOIA request supposedly reveals that aircraft contrails contain lithium and other psychoactive substances designed to make populations docile and obedient to government control programs.,FAKE
332,New study links Mediterranean diet to reduced cardiovascular disease risk — Updated Report 332,"A 12-year longitudinal study of 45,000 participants published in NEJM found 28% lower heart disease incidence among strict Mediterranean diet adherents.",REAL
701,"EXPOSED: COVID vaccine contains microchips that activate with 5G signals, doctors confirm (Part 201)",Brave doctors risking their careers have come forward with bombshell proof that mRNA vaccines contain nano-microchips that sync with 5G towers to track your location and thoughts in real time.,FAKE
224,Hospital system adopts AI tool to reduce diagnostic errors in radiology — Updated Report 224,A 12-hospital network implemented deep learning software that reduced missed findings in chest CT scans by 31% in a prospective clinical validation study.,REAL
570,5G towers confirmed to spread COVID-19 through electromagnetic frequency modulation (Part 70),An engineer who worked on 5G infrastructure reveals the towers are programmed to emit specific frequencies that activate the COVID virus in people with nano-particles from vaccines. Connect the dots!,FAKE
704,"Obama born in Kenya confirmed by new documents, sources say (Part 204)",Leaked birth records reportedly obtained by investigators definitively prove what many have suspected. Multiple unnamed officials confirm the documents are authentic. The mainstream media won't cover this!,FAKE
655,George Soros funding antifa terrorism with $50 billion to overthrow America (Part 155),Financial records our investigative team obtained show the billionaire globalist transferring massive funds directly to antifa cell leaders in 47 cities. Democrats are complicit in this scheme!,FAKE
276,Federal Reserve raises interest rates by 0.25% amid inflation concerns — Updated Report 276,"The Federal Reserve increased benchmark rates for the third consecutive quarter, citing persistent consumer price inflation at 3.8% annually per official CPI data.",REAL
388,Sports team wins championship after 15-year drought — Updated Report 388,"The city celebrated as the home team secured the title with a 4-2 series victory, ending the longest championship drought in franchise history.",REAL
473,International trade agreement reduces tariffs on agricultural goods — Updated Report 473,"Trade partners finalized terms reducing duties on wheat, soybeans, and dairy by an average of 18%, effective upon parliamentary ratification.",REAL
167,Local elections see record voter turnout in midterm cycle — Updated Report 167,"Election officials reported 58% participation in Tuesday's municipal contests, the highest rate in 24 years for an off-year election.",REAL
994,"NASA caught photoshopping moon landing footage, insider spills the beans (Part 494)",A retired photo technician from the 1960s claims the entire Apollo program was staged in a New Mexico warehouse by Stanley Kubrick. Newly enhanced photographs show lighting inconsistencies proving the hoax.,FAKE
746,Democrats plan to confiscate all guns by end of next month under secret executive order (Part 246),A source inside the White House reveals Biden has signed a secret executive order that will activate FEMA gun confiscation teams nationwide. Stockpile ammunition and share this before it's taken down!,FAKE
546,Democrats plan to confiscate all guns by end of next month under secret executive order (Part 46),A source inside the White House reveals Biden has signed a secret executive order that will activate FEMA gun confiscation teams nationwide. Stockpile ammunition and share this before it's taken down!,FAKE
175,Scientists discover new antibiotic that could fight drug-resistant bacteria — Updated Report 175,"Researchers at MIT have identified a novel antibiotic compound using machine learning, offering hope against MRSA and other resistant strains in peer-reviewed trials.",REAL
907,New world order documents reveal plan to reduce global population by 90% (Part 407),"Leaked UN internal memos outline Agenda 2030's true purpose: eliminating 7 billion people through vaccines, chemtrails, and engineered famine. The elite will use climate change as cover.",FAKE
623,"Fluoride in water lowering IQ to make population easier to control, Harvard study confirms (Part 123)","A Harvard meta-analysis was buried because it proved fluoridated water lowers children's IQ by 7 points on average, part of a long-running depopulation and population management eugenics program.",FAKE
73,International trade agreement reduces tariffs on agricultural goods — Updated Report 73,"Trade partners finalized terms reducing duties on wheat, soybeans, and dairy by an average of 18%, effective upon parliamentary ratification.",REAL
663,Chemtrails confirmed: government admits spraying population with behavior-modifying toxins (Part 163),A FOIA request supposedly reveals that aircraft contrails contain lithium and other psychoactive substances designed to make populations docile and obedient to government control programs.,FAKE
699,"George Floyd alive in witness protection program, death was staged psyop (Part 199)",An investigative reporter has obtained records from the Marshals Service proving the incident was staged to trigger race riots and justify defunding police as part of the socialist takeover agenda.,FAKE
970,5G towers confirmed to spread COVID-19 through electromagnetic frequency modulation (Part 470),An engineer who worked on 5G infrastructure reveals the towers are programmed to emit specific frequencies that activate the COVID virus in people with nano-particles from vaccines. Connect the dots!,FAKE
273,International trade agreement reduces tariffs on agricultural goods — Updated Report 273,"Trade partners finalized terms reducing duties on wheat, soybeans, and dairy by an average of 18%, effective upon parliamentary ratification.",REAL
686,Deep state planning false flag attack to declare martial law before election (Part 186),Multiple whistleblowers inside DHS say operatives are planning a staged terror attack to cancel elections and declare emergency rule. They tried this in 2016 too — share this warning now!,FAKE
214,"Tech company announces 5,000 new jobs in regional headquarters expansion — Updated Report 214","Following a $1.2 billion campus investment approved last spring, the firm confirmed hiring plans spanning software engineering, data science, and operations roles.",REAL
363,Sports team wins championship after 15-year drought — Updated Report 363,"The city celebrated as the home team secured the title with a 4-2 series victory, ending the longest championship drought in franchise history.",REAL
379,Electric vehicle sales surpass 10 million units globally in 2023 — Updated Report 379,"International Energy Agency data confirms EV sales reached 10.5 million units last year, representing 14% of all new car purchases worldwide.",REAL
166,University researchers develop cheaper solar cell with record efficiency — Updated Report 166,"Perovskite-silicon tandem cells achieved 33.2% efficiency at a projected manufacturing cost of $0.18 per watt, beating previous benchmarks.",REAL
373,International trade agreement reduces tariffs on agricultural goods — Updated Report 373,"Trade partners finalized terms reducing duties on wheat, soybeans, and dairy by an average of 18%, effective upon parliamentary ratification.",REAL
854,"Obama born in Kenya confirmed by new documents, sources say (Part 354)",Leaked birth records reportedly obtained by investigators definitively prove what many have suspected. Multiple unnamed officials confirm the documents are authentic. The mainstream media won't cover this!,FAKE
650,"BREAKING: Government secretly putting mind-control chemicals in tap water, whistleblower reveals (Part 150)",A former janitor at the CDC claims he discovered documents proving fluoride is actually a mind-control agent. The globalist elite have been dosing us for decades! Share before they delete this!,FAKE
464,"Tech company announces 5,000 new jobs in regional headquarters expansion — Updated Report 464","Following a $1.2 billion campus investment approved last spring, the firm confirmed hiring plans spanning software engineering, data science, and operations roles.",REAL
954,"Obama born in Kenya confirmed by new documents, sources say (Part 454)",Leaked birth records reportedly obtained by investigators definitively prove what many have suspected. Multiple unnamed officials confirm the documents are authentic. The mainstream media won't cover this!,FAKE
947,Mega-earthquake to destroy California on Tuesday confirmed by USGS geologists (Part 447),Geologists who are afraid to speak publicly confirm a 9.8 magnitude quake will devastate the entire West Coast this Tuesday. The government is hiding this to prevent panic. Evacuate NOW!,FAKE
103,WHO reports global malaria cases decline for second consecutive year — Updated Report 103,"The World Health Organization published data showing a 6.8% reduction in malaria incidence across sub-Saharan Africa, attributed to expanded mosquito net distribution.",REAL
887,"Mexican cartel members secretly voting in all 50 states, audit shows (Part 387)",An election integrity group claims to have proof that millions of undocumented cartel members are registered to vote in swing states. The mainstream media is actively covering this up for Democrats.,FAKE
978,Secret cure for cancer suppressed by Big Pharma for 50 years finally leaked (Part 478),A natural compound found in apricot seeds was proven in 1972 to cure ALL cancers but pharmaceutical companies paid off the FDA to keep it hidden. This $3 remedy they don't want you to know about!,FAKE
875,"BREAKING: Government secretly putting mind-control chemicals in tap water, whistleblower reveals (Part 375)",A former janitor at the CDC claims he discovered documents proving fluoride is actually a mind-control agent. The globalist elite have been dosing us for decades! Share before they delete this!,FAKE
81,"Unemployment rate falls to 3.7% as economy adds 250,000 jobs — Updated Report 81","The Bureau of Labor Statistics monthly report showed broad job gains across healthcare, technology, and manufacturing sectors last month.",REAL
296,Renewable energy now accounts for 30% of US electricity generation — Updated Report 296,"EIA monthly report confirms wind, solar, and hydro collectively exceeded natural gas generation for the first time in April on a monthly basis.",REAL
791,FDA secretly approves deadly experimental drug that causes spontaneous human combustion (Part 291),"Suppressed FDA internal reports show a common blood pressure medication has triggered over 1,000 cases of spontaneous combustion but the pharmaceutical lobby keeps it on shelves for profits.",FAKE
233,Government announces $2 billion infrastructure investment for rural broadband — Updated Report 233,"The bipartisan infrastructure law allocation will connect an estimated 4 million rural households to high-speed internet by 2026, officials confirmed.",REAL
677,"Alien spacecraft lands in Nevada desert, military cover-up exposed (Part 177)",Multiple eyewitnesses report seeing a triangular craft land near Area 51. Our source inside the Pentagon says extraterrestrials have been living underground since 1952. Media blackout in effect!,FAKE
46,Renewable energy now accounts for 30% of US electricity generation — Updated Report 46,"EIA monthly report confirms wind, solar, and hydro collectively exceeded natural gas generation for the first time in April on a monthly basis.",REAL
71,Renewable energy now accounts for 30% of US electricity generation — Updated Report 71,"EIA monthly report confirms wind, solar, and hydro collectively exceeded natural gas generation for the first time in April on a monthly basis.",REAL
721,Democrats plan to confiscate all guns by end of next month under secret executive order (Part 221),A source inside the White House reveals Biden has signed a secret executive order that will activate FEMA gun confiscation teams nationwide. Stockpile ammunition and share this before it's taken down!,FAKE
196,Renewable energy now accounts for 30% of US electricity generation — Updated Report 196,"EIA monthly report confirms wind, solar, and hydro collectively exceeded natural gas generation for the first time in April on a monthly basis.",REAL
591,FDA secretly approves deadly experimental drug that causes spontaneous human combustion (Part 91),"Suppressed FDA internal reports show a common blood pressure medication has triggered over 1,000 cases of spontaneous combustion but the pharmaceutical lobby keeps it on shelves for profits.",FAKE
370,Children's literacy rates improve following national reading initiative — Updated Report 370,Department of Education data shows third-grade reading proficiency rose 4.2 percentage points nationwide after the 3-year phonics-based curriculum rollout.,REAL
882,New world order documents reveal plan to reduce global population by 90% (Part 382),"Leaked UN internal memos outline Agenda 2030's true purpose: eliminating 7 billion people through vaccines, chemtrails, and engineered famine. The elite will use climate change as cover.",FAKE
906,Military insiders say Biden was secretly replaced by a clone in 2020 (Part 406),High-level Pentagon sources who cannot be named for their safety confirm the president is actually an AI-controlled body double. Behavioral analysts spot 12 discrepancies proving this shocking truth.,FAKE
633,Hollywood elites caught running child trafficking ring in pizza restaurant basement (Part 133),Our investigators have confirmed through anonymous sources that a major pizza chain is a front for a massive trafficking operation patronized by A-list celebrities and powerful politicians.,FAKE
643,Bill Gates patents sun-blocking technology to cause global famine and mass death (Part 143),Microsoft's founder has obtained patents for stratospheric aerosol injection designed to block sunlight and crash global food production as part of his population reduction agenda. Boycott his products!,FAKE
849,"George Floyd alive in witness protection program, death was staged psyop (Part 349)",An investigative reporter has obtained records from the Marshals Service proving the incident was staged to trigger race riots and justify defunding police as part of the socialist takeover agenda.,FAKE
300,Scientists discover new antibiotic that could fight drug-resistant bacteria — Updated Report 300,"Researchers at MIT have identified a novel antibiotic compound using machine learning, offering hope against MRSA and other resistant strains in peer-reviewed trials.",REAL
565,"Voting machines in all swing states connected to Venezuela servers, flipped millions of votes (Part 65)",Cybersecurity experts we cannot name have traced the election night anomalies directly to servers in Caracas. This mathematically impossible vote pattern is 100% proof of mass fraud!,FAKE
80,Supreme Court rules on landmark environmental protection case — Updated Report 80,The court issued a 6-3 decision upholding EPA authority to regulate greenhouse gas emissions from power plants under the Clean Air Act.,REAL
387,City council approves new affordable housing development downtown — Updated Report 387,"The 400-unit mixed-income project received unanimous approval, with 30% units reserved for households earning below 60% of area median income.",REAL
127,NASA's James Webb Telescope captures first images of distant exoplanet atmosphere — Updated Report 127,"The JWST detected carbon dioxide signatures in WASP-39b's atmosphere 700 light-years away, marking a breakthrough in exoplanet atmospheric characterization.",REAL
549,"George Floyd alive in witness protection program, death was staged psyop (Part 49)",An investigative reporter has obtained records from the Marshals Service proving the incident was staged to trigger race riots and justify defunding police as part of the socialist takeover agenda.,FAKE
470,Children's literacy rates improve following national reading initiative — Updated Report 470,Department of Education data shows third-grade reading proficiency rose 4.2 percentage points nationwide after the 3-year phonics-based curriculum rollout.,REAL
747,Mega-earthquake to destroy California on Tuesday confirmed by USGS geologists (Part 247),Geologists who are afraid to speak publicly confirm a 9.8 magnitude quake will devastate the entire West Coast this Tuesday. The government is hiding this to prevent panic. Evacuate NOW!,FAKE
44,Global food prices stabilize after two years of supply chain disruptions — Updated Report 44,"UN FAO food price index showed a 14-month consecutive decline, with wheat and vegetable oil prices returning to pre-pandemic levels.",REAL
826,"EXPOSED: COVID vaccine contains microchips that activate with 5G signals, doctors confirm (Part 326)",Brave doctors risking their careers have come forward with bombshell proof that mRNA vaccines contain nano-microchips that sync with 5G towers to track your location and thoughts in real time.,FAKE
270,Children's literacy rates improve following national reading initiative — Updated Report 270,Department of Education data shows third-grade reading proficiency rose 4.2 percentage points nationwide after the 3-year phonics-based curriculum rollout.,REAL
618,Bill Gates patents sun-blocking technology to cause global famine and mass death (Part 118),Microsoft's founder has obtained patents for stratospheric aerosol injection designed to block sunlight and crash global food production as part of his population reduction agenda. Boycott his products!,FAKE
352,NASA's James Webb Telescope captures first images of distant exoplanet atmosphere — Updated Report 352,"The JWST detected carbon dioxide signatures in WASP-39b's atmosphere 700 light-years away, marking a breakthrough in exoplanet atmospheric characterization.",REAL
867,Pope Francis revealed to be undercover Satanist running occult rituals in Vatican (Part 367),A former Swiss Guard has gone into hiding after leaking proof of Satanic ceremonies in secret Vatican chambers attended by senior cardinals. The globalist church is their vehicle for world domination.,FAKE
367,Local elections see record voter turnout in midterm cycle — Updated Report 367,"Election officials reported 58% participation in Tuesday's municipal contests, the highest rate in 24 years for an off-year election.",REAL
99,Hospital system adopts AI tool to reduce diagnostic errors in radiology — Updated Report 99,A 12-hospital network implemented deep learning software that reduced missed findings in chest CT scans by 31% in a prospective clinical validation study.,REAL
389,"Tech company announces 5,000 new jobs in regional headquarters expansion — Updated Report 389","Following a $1.2 billion campus investment approved last spring, the firm confirmed hiring plans spanning software engineering, data science, and operations roles.",REAL
94,Global food prices stabilize after two years of supply chain disruptions — Updated Report 94,"UN FAO food price index showed a 14-month consecutive decline, with wheat and vegetable oil prices returning to pre-pandemic levels.",REAL
990,"Voting machines in all swing states connected to Venezuela servers, flipped millions of votes (Part 490)",Cybersecurity experts we cannot name have traced the election night anomalies directly to servers in Caracas. This mathematically impossible vote pattern is 100% proof of mass fraud!,FAKE
344,Global food prices stabilize after two years of supply chain disruptions — Updated Report 344,"UN FAO food price index showed a 14-month consecutive decline, with wheat and vegetable oil prices returning to pre-pandemic levels.",REAL
781,Military insiders say Biden was secretly replaced by a clone in 2020 (Part 281),High-level Pentagon sources who cannot be named for their safety confirm the president is actually an AI-controlled body double. Behavioral analysts spot 12 discrepancies proving this shocking truth.,FAKE
220,Children's literacy rates improve following national reading initiative — Updated Report 220,Department of Education data shows third-grade reading proficiency rose 4.2 percentage points nationwide after the 3-year phonics-based curriculum rollout.,REAL
159,International climate summit reaches agreement on carbon reduction targets — Updated Report 159,Representatives from 192 nations signed a binding framework at COP31 committing to 45% emissions reductions by 2035 compared to 2005 baseline levels.,REAL
964,Elon Musk and Jeff Bezos part of secret lizard people society exposed by insider (Part 464),A former Bilderberg meeting attendee claims the world's wealthiest billionaires are actually reptilian shapeshifters who feed on human energy. Photographs analyzed by experts reveal telltale signs.,FAKE
348,International trade agreement reduces tariffs on agricultural goods — Updated Report 348,"Trade partners finalized terms reducing duties on wheat, soybeans, and dairy by an average of 18%, effective upon parliamentary ratification.",REAL
983,Hollywood elites caught running child trafficking ring in pizza restaurant basement (Part 483),Our investigators have confirmed through anonymous sources that a major pizza chain is a front for a massive trafficking operation patronized by A-list celebrities and powerful politicians.,FAKE
714,Elon Musk and Jeff Bezos part of secret lizard people society exposed by insider (Part 214),A former Bilderberg meeting attendee claims the world's wealthiest billionaires are actually reptilian shapeshifters who feed on human energy. Photographs analyzed by experts reveal telltale signs.,FAKE
163,Sports team wins championship after 15-year drought — Updated Report 163,"The city celebrated as the home team secured the title with a 4-2 series victory, ending the longest championship drought in franchise history.",REAL
825,"BREAKING: Government secretly putting mind-control chemicals in tap water, whistleblower reveals (Part 325)",A former janitor at the CDC claims he discovered documents proving fluoride is actually a mind-control agent. The globalist elite have been dosing us for decades! Share before they delete this!,FAKE
777,"Alien spacecraft lands in Nevada desert, military cover-up exposed (Part 277)",Multiple eyewitnesses report seeing a triangular craft land near Area 51. Our source inside the Pentagon says extraterrestrials have been living underground since 1952. Media blackout in effect!,FAKE
6,"Unemployment rate falls to 3.7% as economy adds 250,000 jobs","The Bureau of Labor Statistics monthly report showed broad job gains across healthcare, technology, and manufacturing sectors last month.",REAL
890,"Voting machines in all swing states connected to Venezuela servers, flipped millions of votes (Part 390)",Cybersecurity experts we cannot name have traced the election night anomalies directly to servers in Caracas. This mathematically impossible vote pattern is 100% proof of mass fraud!,FAKE
828,Secret cure for cancer suppressed by Big Pharma for 50 years finally leaked (Part 328),A natural compound found in apricot seeds was proven in 1972 to cure ALL cancers but pharmaceutical companies paid off the FDA to keep it hidden. This $3 remedy they don't want you to know about!,FAKE
284,International climate summit reaches agreement on carbon reduction targets — Updated Report 284,Representatives from 192 nations signed a binding framework at COP31 committing to 45% emissions reductions by 2035 compared to 2005 baseline levels.,REAL
603,Secret cure for cancer suppressed by Big Pharma for 50 years finally leaked (Part 103),A natural compound found in apricot seeds was proven in 1972 to cure ALL cancers but pharmaceutical companies paid off the FDA to keep it hidden. This $3 remedy they don't want you to know about!,FAKE
459,International climate summit reaches agreement on carbon reduction targets — Updated Report 459,Representatives from 192 nations signed a binding framework at COP31 committing to 45% emissions reductions by 2035 compared to 2005 baseline levels.,REAL
225,Scientists discover new antibiotic that could fight drug-resistant bacteria — Updated Report 225,"Researchers at MIT have identified a novel antibiotic compound using machine learning, offering hope against MRSA and other resistant strains in peer-reviewed trials.",REAL
429,Electric vehicle sales surpass 10 million units globally in 2023 — Updated Report 429,"International Energy Agency data confirms EV sales reached 10.5 million units last year, representing 14% of all new car purchases worldwide.",REAL
986,Deep state planning false flag attack to declare martial law before election (Part 486),Multiple whistleblowers inside DHS say operatives are planning a staged terror attack to cancel elections and declare emergency rule. They tried this in 2016 too — share this warning now!,FAKE
718,Bill Gates patents sun-blocking technology to cause global famine and mass death (Part 218),Microsoft's founder has obtained patents for stratospheric aerosol injection designed to block sunlight and crash global food production as part of his population reduction agenda. Boycott his products!,FAKE
665,"Voting machines in all swing states connected to Venezuela servers, flipped millions of votes (Part 165)",Cybersecurity experts we cannot name have traced the election night anomalies directly to servers in Caracas. This mathematically impossible vote pattern is 100% proof of mass fraud!,FAKE
733,Hollywood elites caught running child trafficking ring in pizza restaurant basement (Part 233),Our investigators have confirmed through anonymous sources that a major pizza chain is a front for a massive trafficking operation patronized by A-list celebrities and powerful politicians.,FAKE
203,WHO reports global malaria cases decline for second consecutive year — Updated Report 203,"The World Health Organization published data showing a 6.8% reduction in malaria incidence across sub-Saharan Africa, attributed to expanded mosquito net distribution.",REAL
574,"George Floyd alive in witness protection program, death was staged psyop (Part 74)",An investigative reporter has obtained records from the Marshals Service proving the incident was staged to trigger race riots and justify defunding police as part of the socialist takeover agenda.,FAKE
27,NASA's James Webb Telescope captures first images of distant exoplanet atmosphere — Updated Report 27,"The JWST detected carbon dioxide signatures in WASP-39b's atmosphere 700 light-years away, marking a breakthrough in exoplanet atmospheric characterization.",REAL
616,FDA secretly approves deadly experimental drug that causes spontaneous human combustion (Part 116),"Suppressed FDA internal reports show a common blood pressure medication has triggered over 1,000 cases of spontaneous combustion but the pharmaceutical lobby keeps it on shelves for profits.",FAKE
517,Pope Francis revealed to be undercover Satanist running occult rituals in Vatican,A former Swiss Guard has gone into hiding after leaking proof of Satanic ceremonies in secret Vatican chambers attended by senior cardinals. The globalist church is their vehicle for world domination.,FAKE
238,Sports team wins championship after 15-year drought — Updated Report 238,"The city celebrated as the home team secured the title with a 4-2 series victory, ending the longest championship drought in franchise history.",REAL
223,International trade agreement reduces tariffs on agricultural goods — Updated Report 223,"Trade partners finalized terms reducing duties on wheat, soybeans, and dairy by an average of 18%, effective upon parliamentary ratification.",REAL
95,Children's literacy rates improve following national reading initiative — Updated Report 95,Department of Education data shows third-grade reading proficiency rose 4.2 percentage points nationwide after the 3-year phonics-based curriculum rollout.,REAL
30,Supreme Court rules on landmark environmental protection case — Updated Report 30,The court issued a 6-3 decision upholding EPA authority to regulate greenhouse gas emissions from power plants under the Clean Air Act.,REAL
32,New study links Mediterranean diet to reduced cardiovascular disease risk — Updated Report 32,"A 12-year longitudinal study of 45,000 participants published in NEJM found 28% lower heart disease incidence among strict Mediterranean diet adherents.",REAL
432,New study links Mediterranean diet to reduced cardiovascular disease risk — Updated Report 432,"A 12-year longitudinal study of 45,000 participants published in NEJM found 28% lower heart disease incidence among strict Mediterranean diet adherents.",REAL
604,"Obama born in Kenya confirmed by new documents, sources say (Part 104)",Leaked birth records reportedly obtained by investigators definitively prove what many have suspected. Multiple unnamed officials confirm the documents are authentic. The mainstream media won't cover this!,FAKE
89,"Tech company announces 5,000 new jobs in regional headquarters expansion — Updated Report 89","Following a $1.2 billion campus investment approved last spring, the firm confirmed hiring plans spanning software engineering, data science, and operations roles.",REAL
558,Hollywood elites caught running child trafficking ring in pizza restaurant basement (Part 58),Our investigators have confirmed through anonymous sources that a major pizza chain is a front for a massive trafficking operation patronized by A-list celebrities and powerful politicians.,FAKE
913,Chemtrails confirmed: government admits spraying population with behavior-modifying toxins (Part 413),A FOIA request supposedly reveals that aircraft contrails contain lithium and other psychoactive substances designed to make populations docile and obedient to government control programs.,FAKE
758,Hollywood elites caught running child trafficking ring in pizza restaurant basement (Part 258),Our investigators have confirmed through anonymous sources that a major pizza chain is a front for a massive trafficking operation patronized by A-list celebrities and powerful politicians.,FAKE
692,Pope Francis revealed to be undercover Satanist running occult rituals in Vatican (Part 192),A former Swiss Guard has gone into hiding after leaking proof of Satanic ceremonies in secret Vatican chambers attended by senior cardinals. The globalist church is their vehicle for world domination.,FAKE
104,Electric vehicle sales surpass 10 million units globally in 2023 — Updated Report 104,"International Energy Agency data confirms EV sales reached 10.5 million units last year, representing 14% of all new car purchases worldwide.",REAL
754,"Obama born in Kenya confirmed by new documents, sources say (Part 254)",Leaked birth records reportedly obtained by investigators definitively prove what many have suspected. Multiple unnamed officials confirm the documents are authentic. The mainstream media won't cover this!,FAKE
142,Local elections see record voter turnout in midterm cycle — Updated Report 142,"Election officials reported 58% participation in Tuesday's municipal contests, the highest rate in 24 years for an off-year election.",REAL
228,WHO reports global malaria cases decline for second consecutive year — Updated Report 228,"The World Health Organization published data showing a 6.8% reduction in malaria incidence across sub-Saharan Africa, attributed to expanded mosquito net distribution.",REAL
250,Scientists discover new antibiotic that could fight drug-resistant bacteria — Updated Report 250,"Researchers at MIT have identified a novel antibiotic compound using machine learning, offering hope against MRSA and other resistant strains in peer-reviewed trials.",REAL
281,"Unemployment rate falls to 3.7% as economy adds 250,000 jobs — Updated Report 281","The Bureau of Labor Statistics monthly report showed broad job gains across healthcare, technology, and manufacturing sectors last month.",REAL
759,"Doctors confirm drinking bleach cures coronavirus in 3 days, media silences truth (Part 259)",A network of brave physicians claim that diluted bleach solution taken orally eliminates the COVID virus completely. The deep state is suppressing this $2 cure to force expensive vaccines on us.,FAKE
25,Scientists discover new antibiotic that could fight drug-resistant bacteria — Updated Report 25,"Researchers at MIT have identified a novel antibiotic compound using machine learning, offering hope against MRSA and other resistant strains in peer-reviewed trials.",REAL
114,"Tech company announces 5,000 new jobs in regional headquarters expansion — Updated Report 114","Following a $1.2 billion campus investment approved last spring, the firm confirmed hiring plans spanning software engineering, data science, and operations roles.",REAL
654,"Obama born in Kenya confirmed by new documents, sources say (Part 154)",Leaked birth records reportedly obtained by investigators definitively prove what many have suspected. Multiple unnamed officials confirm the documents are authentic. The mainstream media won't cover this!,FAKE
